344,1274789286000,53.0082253,4.7181722,0,21.3,3,3.2,0.01,0.02,-0.01,117.2,0,9,1.5,0.28
344,1274790192000,53.0082308,4.7181453,-2,28.1,6.4,5.3,-0.11,-0.02,0.29,16.2,0,8,2.9,3.44
344,1274791111000,53.0082108,4.7181083,-2,28.7,6.3,5.8,0.41,0.04,-0.17,23,0,7,3,3.54
344,1274792049000,53.0082168,4.7181069,-3,25.8,5.6,5.9,0.11,-0.04,0.34,17.1,0,7,2.7,3.31
344,1274792970000,53.0082107,4.7181214,-7,25.5,5.3,7.1,0.25,-0.13,-0.2,25.9,0,6,3.3,3.46
344,1274793884000,53.0082469,4.7181583,-7,25.7,9,10.6,0.46,-0.15,0.6,27.9,0,6,2.6,4.13
344,1274794783000,53.0082312,4.7180666,-10,25.3,10,11.7,0.01,0,0.01,14.9,0,6,2.2,1.03
344,1274795701000,53.0082361,4.7181806,-2,24.9,14.6,13.1,0.07,0.05,0.05,20.8,0,5,9.4,0.69
344,1274796636000,53.0082465,4.7181122,-1,26.2,3.2,4,-0.07,-0.13,-0.04,43.6,0,9,1.4,2.35
344,1274797563000,53.0082334,4.7180949,-5,26.9,3.2,4.7,0.33,0,0.08,26.6,0,7,2,2.54
344,1274798463000,53.0082466,4.7181246,-3,27.2,3,4.5,0.04,0.01,0,14.7,0,8,1.9,2.31
344,1274799380000,53.0082344,4.7181329,-7,28,4.7,7.5,0.1,0.01,-0.2,19.6,0,6,3,2.99
344,1274800296000,53.0082176,4.7181206,-8,28.9,4.2,6.7,0.05,-0.06,0.14,23.6,0,6,2.6,2.85
344,1274801204000,53.0082427,4.718149,-14,26,10,5.8,0.08,-0.01,-0.05,19.6,0,6,1.9,2.54
344,1274802132000,53.0082923,4.7181349,0,24.7,7.5,5.6,-0.22,0.07,0.07,35.4,0,6,3.4,3.58
344,1274803051000,53.0082899,4.7181489,-2,24.1,7.3,4.6,0.06,-0.11,0.19,26.5,0,6,3.3,3.68
344,1274803960000,53.0082969,4.7181416,1,23.8,6,4.2,0.1,-0.02,0.06,23.5,0,6,2.8,3.22
344,1274805004000,53.0082707,4.7181439,-2,23.3,5,4.4,-0.04,0.03,0.18,11.5,0,6,2.5,3.27
344,1274805900000,53.0082644,4.7181258,-1,22.8,4.8,5.7,-0.05,-0.12,0.38,11.5,0,5,2.6,3.16
344,1274806821000,53.0083067,4.7181507,-1,22.4,7.7,5.8,0.31,-0.08,0.04,20.3,0,5,3.8,3.73
344,1274807736000,53.008269,4.7181176,0,22.2,4,5.2,0.69,-0.14,-0.02,23.2,0,6,2.2,2.71
344,1274808647000,53.0082302,4.7181293,-3,21.8,9.5,9.5,-0.07,-0.05,-0.04,22.2,0,4,7.6,0.47
344,1274809559000,53.008224,4.718112,-5,21.1,7.4,9.5,-0.02,-0.02,-0.01,22.2,0,4,6.9,0.45
344,1274810470000,53.0082435,4.7180409,-9,21,7,10.4,-0.01,-0.02,-0.02,21.2,0,4,7.2,0.4
344,1274811391000,53.0082342,4.7180235,-9,21,8.3,11.1,-0.02,-0.04,-0.05,30.1,0,4,8,0.4
344,1274812302000,53.0082405,4.7180116,-7,20.3,10.9,11.9,0.08,-0.06,-0.11,29,0,4,9.3,0.47
344,1274813232000,53.0082549,4.7180637,-1,20.2,4.9,5.3,0.1,-0.08,0.01,46.9,0,6,2.8,2.79
344,1274814146000,53.0082529,4.7180679,-2,19.9,4.9,5.7,0.13,0.18,0.21,17,0,6,2.9,2.87
344,1274815056000,53.008255,4.7180625,-1,19.3,4.9,6.7,-0.1,-0.09,-0.14,15,0,5,3.3,3.05
344,1274815970000,53.0082646,4.7180448,0,18.9,4.8,6.9,0,0.18,0.09,17,0,5,3.3,3.11
344,1274816884000,53.0082818,4.7180395,0,18.8,4.7,6.3,-0.3,-0.16,-0.1,18.8,0,5,3,3.13
344,1274817796000,53.0082809,4.7180336,-1,19.2,4.7,5.4,-0.16,0.12,0.13,18.9,0,5,2.6,3.1
344,1274818740000,53.0082296,4.7181271,2,19.3,2.4,3.3,0,-0.11,-0.18,50.6,0,10,1.4,1.94
344,1274819656000,53.0082692,4.7181771,1,20.1,7.5,7.7,0.57,-0.01,-0.07,22.8,0,4,4.3,4.02
344,1274820557000,53.0082798,4.718148,-1,21.2,6.9,6,-0.53,0.48,-0.04,11.9,0,5,3.5,3.89
344,1274821461000,53.0082706,4.7181526,0,20.5,7.1,6.5,0.06,-0.1,-0.2,19.7,0,5,3.9,3.82
344,1274822381000,53.0082361,4.7181515,-1,21.4,6.9,8.2,-0.77,-0.2,-1.07,11.8,0,5,4.2,5.08
344,1274823283000,53.0082248,4.7181513,0,20.9,6.4,10,0.19,0.1,0.42,17.6,0,5,4.8,4.2
344,1274824200000,53.0082329,4.7181456,0,20.3,4.5,9.8,-0.01,-0.01,-0.03,22.5,0,5,6.2,0.4
344,1274825112000,53.008232,4.7181132,-6,19.2,5,11.7,-0.04,-0.02,-0.04,22.5,0,5,7.4,0.48
344,1274826022000,53.0082296,4.7181143,-8,18.3,5.7,10.6,-0.07,-0.04,-0.07,20.5,0,5,7,0.44
344,1274826936000,53.0082299,4.7181198,-5,18.2,7.3,9.2,-0.03,-0.02,-0.01,22.5,0,5,6.7,0.48
344,1274827850000,53.0082301,4.718116,-4,17.9,11.1,9.4,-0.06,-0.06,-0.02,24.4,0,5,8.5,0.53
344,1274828767000,53.0082125,4.7181634,-3,18.2,8.3,6.5,0.04,0.01,0.02,29.4,0,7,3.7,0.46
344,1274829663000,53.008176,4.7182371,3,18.3,10.6,7.7,-0.66,-0.57,-0.11,13.5,0,6,4.3,3.79
344,1274830558000,53.0081845,4.7182211,1,18.2,12.7,6.3,0.19,0.26,-0.01,12.4,0,6,4.6,4.18
344,1274831464000,53.0083576,4.7182104,37,18.1,11.3,20,-0.03,-0.03,-0.07,22.3,0,5,9.3,0.63
344,1274832376000,53.0082777,4.7183589,41,18,9,17.9,-0.02,-0.02,-0.05,22.2,0,5,7.8,0.45
344,1274833295000,53.008234,4.7184115,35,18.5,12.6,17.3,-0.04,-0.05,-0.05,29.1,0,5,8.8,0.49
344,1274834208000,53.0082151,4.7184923,39,18.4,13.8,18.7,-0.08,-0.09,-0.08,30.1,0,6,11,0.67
344,1274835114000,53.0083028,4.7180272,-8,18.5,9.9,12.3,-0.04,-0.04,-0.03,24.1,0,6,7.2,0.65
344,1274836030000,53.0082811,4.7180341,0,18.6,8,7.4,-0.02,-0.02,-0.01,28.1,0,6,5.3,0.37
344,1274836932000,53.0083139,4.7179688,-7,18.7,11.5,9.3,-0.15,-0.06,0.1,18.1,0,5,5,4.2
344,1274837856000,53.0082232,4.7181375,4,19,3,3.4,1.03,1.22,0.21,30,0,6,2,3.34
344,1274838755000,53.0082375,4.7181209,2,18.9,3.3,4.8,0.2,0.03,0.23,17.1,0,6,1.8,2.62
344,1274839671000,53.0082329,4.7181356,0,20,3.7,5.9,0.23,0.03,0.05,20.9,0,5,2.3,2.96
344,1274840595000,52.9982801,4.7315916,0,14.3,5.8,10.1,0.01,0.01,-0.35,32.8,0,4,4.7,3.66
344,1274840905000,52.9979706,4.7359579,4,15,9,10.4,4.87,10.57,-2.87,22.9,0,4,4.6,5.23
344,1274841199000,52.993852,4.7554522,20,13,24.9,27.3,-2.6,6.25,1.64,13,0,4,4.5,6.15
344,1274841790000,53.0081841,4.8213465,224,12.2,8.3,10.7,-3.14,9.23,1.27,12,0,4,4.2,4.6
344,1274842122000,53.0073618,4.8622465,129,12.2,7.9,7.8,3.87,5.9,-1.96,55.4,0,5,3.7,5.19
344,1274842706000,52.9929173,4.9256026,31,14.9,8.7,8.7,-7.18,4.57,6.13,15.9,0,5,3.7,5.61
344,1274843345000,53.0017433,4.951739,109,16.2,7.5,8.6,-1.05,7.85,-1.02,46.5,0,4,4.4,4.16
344,1274843686000,53.0188518,4.9776293,39,15.9,7.4,11.1,-8.45,3.87,3.27,51.4,0,5,5.9,3.65
344,1274843994000,53.0368005,4.9992885,16,15.9,10.7,18.1,-4.51,5.22,1.2,23.7,0,4,8.8,6.42
344,1274844288000,53.0459384,5.0119472,-14,14.8,8.6,7.8,0.49,2.1,-1.03,13.9,0,5,3.9,4.97
344,1274844600000,53.0431517,5.0178685,-28,13.9,10,9.9,0.02,4.03,-1.77,37.5,0,4,10.7,4.51
344,1274844897000,53.0423515,5.0225612,-8,14.6,7.2,7.5,-7.3,-5.81,6.78,14.8,0,5,3.5,5.57
344,1274845211000,53.0425624,5.0175368,-26,14.1,8.1,14.9,-0.67,7.88,-0.16,24.6,0,4,6.9,4.29
344,1274845508000,53.0391745,5.0348893,-14,13.7,7.3,7.2,0.01,0.82,-1.37,17.8,0,5,3.2,5.89
344,1274845817000,53.0395164,5.0370806,-9,15.9,16.5,22,-0.44,0.13,-0.95,22.7,0,4,6.5,6.81
344,1274846109000,53.037339,5.0035941,143,13.4,5.8,8.7,1.2,-12.79,0.54,10.8,0,5,3,4.03
344,1274846410000,53.0344135,4.9678734,155,15,8.2,18.1,6.52,-15.47,-6.55,23.6,0,4,6.2,2.17
344,1274846704000,53.0282278,4.9159802,207,13.6,8.2,11.9,-3.71,-8.98,4.22,13.7,0,5,2.9,0.5
344,1274846991000,53.0243225,4.8703169,463,12.8,11.7,21.6,1,-19.51,-3.84,12.7,0,5,2.9,3.54
344,1274847289000,53.0103855,4.7968975,154,12.4,5,9.5,4.61,-14.99,-2.07,22.6,0,4,5.8,1.48
344,1274847612000,52.9944453,4.7404202,-3,13.7,3.5,4.8,0.02,0.16,0.25,41.4,0,7,2,2.41
344,1274848210000,52.9945696,4.7404873,-3,17.5,4.6,7,-0.37,-0.34,-1.28,15.7,0,7,2.1,4.03
344,1274848812000,52.9945828,4.7405375,-4,19,6,8.1,0.02,0.15,0.08,9.7,0,5,3.6,3.47
344,1274849105000,52.9965496,4.7354977,7,18.9,5.5,6.9,-0.14,-0.07,-0.41,14.6,0,6,3.3,3.12
344,1274849682000,52.9972446,4.7324552,-3,19.4,5,7.7,-0.01,0.1,0.03,15.6,0,6,3,2.82
344,1274849986000,52.9972271,4.7324606,6,20.5,7.2,7.6,-0.2,0.03,-0.07,15.6,0,4,3.7,3.72
344,1274850290000,53.0050728,4.7237722,1,19.5,5.2,8.6,-5.86,-11.63,3.6,15.6,0,6,2.9,3.2
344,1274850594000,53.0082072,4.7181216,3,20.1,4.5,6,0.21,-0.2,0.04,15.6,0,6,2.9,2.81
344,1274851667000,53.0082068,4.7181167,7,24.4,5.2,5.8,0.22,-0.07,0.48,16.5,0,6,2.9,2.99
344,1274852593000,53.00822,4.7181338,11,29.7,6.3,6.9,-0.02,0,-0.04,30.4,0,5,3.6,0.46
344,1274853536000,53.0082601,4.7181777,16,26.2,7.9,8.9,0,0,0,29.3,0,4,6.4,0.41
344,1274854450000,53.0082842,4.7181624,8,27.7,9.8,10,0.01,0,0,31.2,0,4,7.5,0.58
344,1274855382000,52.9958961,4.7334454,7,23.9,7.2,11.1,0.06,-0.01,-0.18,35.1,0,5,3,3.73
344,1274855706000,52.9964112,4.7331182,5,23.7,4.9,6,-0.04,0.01,-0.05,23.2,0,5,3.4,0.51
344,1274856003000,52.9964027,4.7331194,0,23.8,6.2,6.9,0.02,-0.07,0.12,16.4,0,5,3.5,3.36
344,1274856307000,52.9963972,4.7331174,1,23.8,5.8,7.6,0.27,0.18,0.6,16.3,0,5,3.6,3.33
344,1274856609000,53.0000431,4.7566528,10,20.2,6.6,9,3.47,9.01,-2.78,14.3,0,5,3.7,4.74
344,1274856906000,52.9974412,4.7751713,0,18.7,2.9,5,-0.09,-0.04,-0.28,23.2,0,6,2.1,0.83
344,1274857201000,53.0045915,4.792352,11,18.3,3.7,5.7,-2.55,7.52,1.52,14.2,0,5,2.3,2.88
344,1274857489000,52.9972012,4.8253551,-9,18,5.3,7.9,2.11,8.82,-3.77,14.3,0,6,2.9,3.59
344,1274857777000,52.9926964,4.8603499,5,17.9,4,6.8,-0.97,9.05,1.41,14.2,0,6,2.6,3.68
344,1274858060000,52.9914137,4.8912948,23,17.7,4.9,11.8,-1.32,8.22,-0.32,9.3,0,5,4.3,4.81
344,1274858349000,52.9949806,4.9085467,171,17.9,5,8.4,0.54,1.32,3.3,10.3,0,5,3.4,4.4
344,1274858643000,52.9907721,4.9282295,181,18.9,7,15.1,1.63,9.13,-2.97,16.2,0,6,3.3,3.61
344,1274858950000,52.9933277,4.9523379,48,18.7,4.7,7.9,-8.34,3.14,4.45,19,0,6,2.8,4.5
344,1274859248000,53.0112347,4.973866,67,17.8,4.9,9.7,-2.7,7.6,5.74,13.2,0,6,3,3.98
344,1274859544000,53.0248055,5.0014029,73,17.7,4.8,8.2,-5.48,4.11,2.94,18.8,0,5,3.1,2.44
344,1274859845000,53.0370875,5.0277623,14,17.6,5.8,8.9,-7.56,2.76,3.03,18,0,6,3.2,3.46
344,1274860141000,53.0377406,5.0528438,-7,17.8,3.7,8.6,0,7.86,-2,10.2,0,5,3.3,4.04
344,1274860433000,53.0361051,5.0540144,-15,14.9,4.3,8.3,-2.02,4.41,2.03,14.2,0,6,3.1,3.66
344,1274860723000,53.0379392,5.0502788,-19,17.1,5.2,7.8,-3.27,2.07,1.9,16.1,0,6,2.9,3.83
344,1274861031000,53.038097,5.0443918,-11,18.8,7.7,7.4,-0.31,-0.9,0.25,19.9,0,5,5.2,0.45
344,1274861324000,53.0409783,5.0386575,-16,19.2,4.2,7,0.1,-1.39,-0.34,9.1,0,5,2.8,3.09
344,1274861612000,53.0422297,5.0342534,-17,20.6,5.2,7.1,-0.7,-1.32,0.18,9.1,0,5,3.3,3.04
344,1274861905000,53.0543658,5.0509588,-22,16.5,5.3,7.2,-6.59,5.52,4.5,14,0,5,3.1,3.92
344,1274862193000,53.0666089,5.0685311,-16,16.8,4.2,4.9,0.33,-0.95,-0.33,14.1,0,6,2.2,0.66
344,1274862481000,53.0724768,5.0859699,-15,16.2,3.9,4.9,-1.48,4.34,-0.75,14.1,0,6,2.2,3.46
344,1274862771000,53.0715579,5.0855942,-23,18.6,7.6,11.2,-3.25,5.47,0.61,16.1,0,5,5,4.55
344,1274863070000,53.0794999,5.1072344,-3,15,4.2,4.8,-0.61,2.41,-0.1,11,0,6,1.8,2.93
344,1274863360000,53.0848585,5.1229696,-18,15.3,4.4,4.5,-2.98,6.32,1.72,13,0,7,1.6,3.35
344,1274863651000,53.0861305,5.1305306,-9,14,5.5,5.3,-0.84,6.75,-0.51,16,0,6,1.7,3.24
344,1274863951000,53.0879713,5.1568685,6,13.4,6.8,6.6,8.52,5.19,-5.24,12,0,5,2.6,4.45
344,1274864256000,53.0744519,5.1691092,-14,15.2,4.8,4.2,-0.41,0.23,-0.22,28.7,0,5,2.7,6.52
344,1274864547000,53.0745383,5.16913,-16,17.2,5,4.5,0.02,-0.01,0.12,16,0,6,2.3,2.88
344,1274864850000,53.0745912,5.169129,-17,17.3,5.5,4.5,0.05,0.05,-0.05,15,0,5,2.7,3.15
344,1274865155000,53.0745792,5.1691512,-16,16.8,5.9,4.4,0.28,0.26,-0.02,15.9,0,5,2.7,3.24
344,1274865457000,53.0746379,5.169251,-22,17.9,6.6,5.2,-0.09,0.02,-0.01,13.9,0,5,2.8,1.33
344,1274865745000,53.0746633,5.1692526,-19,17.2,6.5,4.3,0.1,0.1,0.09,13.9,0,5,2.9,3.27
344,1274866053000,53.0746624,5.1692542,-17,17.9,15.5,16.7,-0.1,0.04,-0.06,33.6,0,4,11.6,4
344,1274866353000,53.0746672,5.1692376,-17,18,6.7,4.3,-0.01,-0.01,-0.01,13.9,0,5,3,0.48
344,1274866652000,53.0746893,5.169253,-19,18.6,11.2,13.1,-0.85,0.07,-0.63,24.7,0,4,7.6,3.18
344,1274866957000,53.0746322,5.1692527,-6,19.3,7.4,7.1,-0.01,0.01,-0.01,25.7,0,5,5,0.41
344,1274867260000,53.0745295,5.1690314,7,19,15.3,10.4,-0.04,0.04,-0.02,24.7,0,4,9.1,0.61
344,1274867586000,53.0746644,5.1693145,2,20,4.7,3.1,-0.25,0.11,-0.33,46.5,0,7,2.1,2.31
344,1274867885000,53.0746416,5.169331,-10,20.1,6.1,5.2,-0.09,0.21,0.07,9.8,0,6,2.8,3.09
344,1274868173000,53.0747445,5.1694345,-5,20.1,12.6,6.6,-0.13,0.14,-0.1,9.8,0,5,4.9,4.82
344,1274868461000,53.0746956,5.1693545,-1,19.5,5.4,6.8,-0.06,0.12,0.37,9.7,0,6,3,3
344,1274868754000,53.0755248,5.159961,39,19.2,4.2,6.2,8.26,2.02,-6.77,14.8,0,6,2.8,3.58
344,1274869054000,53.0793712,5.1175512,120,17.5,6.9,10.6,-6.29,-7.34,-1.38,10.7,0,7,2.5,3.32
344,1274869341000,53.0868358,5.1056222,64,16.3,8.1,11.9,-0.6,3.58,3.94,9.8,0,6,2.9,3.15
344,1274869634000,53.0867141,5.0905985,202,16.9,5.8,10.3,-3,-12.33,2.39,14.7,0,7,2.2,3.03
344,1274869935000,53.061978,5.0691101,188,15.2,9.9,16.1,10.93,5.89,-12.21,11.8,0,7,2.3,2.99
344,1274870220000,53.0551589,5.076171,-5,15.5,4,6.4,0,0.18,1.14,8.8,0,6,3.1,3.88
344,1274870509000,53.0525873,5.0785247,-5,16.4,3.7,6.4,-0.29,0.16,-0.12,9.6,0,7,2.6,2.64
344,1274870803000,53.0515321,5.0807837,-4,17.1,4.4,7,-0.77,-2.36,2.58,15.7,0,8,1.9,2.92
344,1274871109000,53.0509232,5.0662506,19,16,5.1,13.4,-1.56,-8.36,2.35,17.7,0,6,3.4,4.62
344,1274871406000,53.051204,5.0596118,-13,15.1,4,6.8,-3.67,-1.99,2.04,10.6,0,7,2.3,2.87
344,1274871701000,53.0686592,5.0694067,-4,15.4,4.7,7.7,-0.18,5.47,-0.26,17.7,0,6,3.1,3.87
344,1274872005000,53.0736631,5.0853645,-4,16.1,3.7,5.1,-1.16,2.64,1.9,17.6,0,6,2.9,2.33
344,1274872301000,53.0726496,5.0828361,-7,16.2,6,6.3,6.74,5.57,-6.23,9.7,0,6,1.7,3.27
344,1274872589000,53.0715014,5.0775466,-7,14.8,4.9,5.4,0.17,2.13,0.4,9.6,0,6,1.9,3.01
344,1274872889000,53.0662251,5.0797435,-14,16.5,5.2,5.5,-0.83,0.48,-0.27,21.5,0,6,2.4,5.13
344,1274873187000,53.0662426,5.0802808,-6,19.2,13.7,5.9,0.13,-0.42,-0.06,15.6,0,5,5,4.28
344,1274873490000,53.0641963,5.0728729,25,20.1,7.3,10,5.85,-14.18,-4.73,14.6,0,5,4.3,4.45
344,1274873779000,53.0494604,5.0384468,132,16.4,14.9,7.1,1.81,-17.39,-1.14,15.6,0,5,4.6,4.12
344,1274874081000,53.0368851,5.0108647,368,15.8,4.8,6.2,6.22,4.31,-6.48,13.6,0,6,1.9,3.7
344,1274874373000,53.0262997,4.9541403,331,14.3,5.4,7,8.02,-12.12,-3.64,17.4,0,6,1.8,1.35
344,1274874673000,53.0054599,4.8981685,252,14.7,4.3,6,9.58,-14.17,-7.51,13.5,0,5,2.3,0.63
344,1274874961000,52.9932744,4.8490947,169,14.5,7.4,9,2.25,-15.22,-1.04,13.5,0,6,1.7,2.55
344,1274876682000,52.9957615,4.7375948,-7,17.6,2.3,2.5,0,0,0,54.1,0,10,1.4,0.2
344,1274876977000,52.9958437,4.7376535,-2,20.8,8.6,8.3,-0.08,0.15,-0.22,13.4,0,7,4,1.34
344,1274877272000,53.0002872,4.7279698,9,18.9,4.7,4.3,-2.23,-14.13,4.7,20.3,0,7,3,3.74
344,1274877569000,53.0082632,4.7181449,-1,19.2,5.9,6.2,-0.01,-0.04,-0.1,13.3,0,8,2.6,0.82
344,1274878494000,53.0082436,4.7181421,-3,26.3,5.1,7,-0.27,-0.31,-0.58,10.3,0,7,3.1,3.6
344,1274879398000,53.0081933,4.7181524,1,27.3,7.3,13,-0.21,0.15,0.39,18.2,0,6,3.2,4.71
344,1274880319000,53.0082137,4.7181932,5,26.6,5.4,10.5,0.01,0,0.01,27.1,0,7,2.4,1.01
344,1274881227000,53.008229,4.7181052,-8,27.3,4,5.6,-0.06,-0.06,0.03,23.2,0,6,2.5,3.03
344,1274882139000,53.0082412,4.7180966,-9,26.6,3.3,4.6,-0.02,-0.02,-0.02,23.1,0,6,2.3,0.33
344,1274883040000,53.0082126,4.718232,0,24.9,10.5,9.9,-0.37,-0.37,-0.19,12.1,0,6,2.3,3.61
344,1274883961000,53.0081959,4.7183113,0,25.9,18.8,9.3,0.02,0.03,0.01,36.8,0,5,11.4,0.6
344,1274884896000,53.0082326,4.7180852,0,25.5,3.2,3.6,-0.06,0.17,0.48,43.9,0,8,1.5,2.4
344,1274885807000,53.0082051,4.7180873,1,25.9,4.5,4.3,0.1,-0.07,-0.29,27,0,6,2.3,3.12
344,1274886785000,53.0082258,4.7180789,-1,25.9,4,4.6,0.53,-0.22,0,26.5,0,7,2.8,2.97
344,1274887702000,53.0082423,4.7180996,2,24.4,4.6,5.5,0.08,-0.1,0.1,33.8,0,6,1.8,2.74
344,1274888625000,53.00824,4.7181193,6,24.6,6.4,6.7,0.02,-0.01,0,28.7,0,5,3.4,0.5
344,1274889537000,53.0082726,4.7181429,3,24.9,7.9,9.1,0.56,0.33,0.42,28.8,0,5,3.2,4
344,1274890433000,53.0082802,4.7181547,1,22.6,5.1,5,-0.04,0.07,-0.45,12.9,0,5,2.4,3.68
344,1274891352000,53.0082543,4.7181722,0,19.6,4.3,5.2,-0.04,0.12,0.16,35.6,0,6,2.4,2.67
344,1274892255000,53.0082533,4.7181504,-1,22,7.5,6.8,-0.05,-0.04,0.03,10.7,0,5,3.4,3.31
344,1274893161000,53.0082378,4.7180321,0,22.3,5.9,5.1,0,0.24,-0.11,20.6,0,4,3,3.41
344,1274894080000,53.0082418,4.7181046,0,23.1,3.9,4.8,0.42,0.22,0.44,27.6,0,6,3,3.38
344,1274894983000,53.0082529,4.7180817,-11,22.5,5.5,10,0,0.1,-0.01,18.6,0,5,4.7,3.69
344,1274895898000,53.0082257,4.7180765,-12,22.1,4.7,8.1,-0.04,-0.03,-0.1,21.5,0,5,5.4,0.36
344,1274896800000,53.0082279,4.7180657,-10,21.5,6.7,10.4,0.06,-0.03,-0.24,11.5,0,5,5,3.91
344,1274897704000,53.0083202,4.7181019,-6,20.8,8.3,10.1,-1.09,-0.21,0.73,19.5,0,5,4.2,4.97
344,1274898630000,53.0083016,4.7181,-5,18,4.2,5.1,-1.05,-0.26,-0.51,33.4,0,6,2.3,3.14
344,1274899566000,53.0082455,4.7181043,0,19,4.5,5.5,0.15,0.08,0.15,41.2,0,7,2.8,2.72
344,1274900496000,53.0082456,4.7181376,3,19.5,3.4,4.1,0.38,0.28,0.57,43.1,0,7,1.8,2.56
344,1274901392000,53.0082309,4.7181006,8,21.5,4.1,8.8,-0.16,0.02,-0.14,11.4,0,5,3.5,3.79
344,1274902288000,53.0082332,4.7181062,8,22.5,3.8,8.7,0.24,0.01,0.08,11.4,0,5,3.7,3.29
344,1274903194000,53.0082277,4.7180994,7,23,3.8,7.6,0,-0.03,0.21,21.3,0,5,3.4,2.87
344,1274904107000,53.0082412,4.7181383,5,23.2,5,6.9,0.05,0.27,0.18,22.2,0,4,3.3,3.21
344,1274905021000,53.0082371,4.7181308,3,23.1,5.7,6.8,0.09,0.15,0.12,24.1,0,4,3.3,3.36
344,1274905950000,53.0082364,4.7181501,3,23,5.6,7.8,0.12,0.11,0.12,41,0,5,3.8,3.23
344,1274906848000,53.0082462,4.7181601,3,22.7,6.9,9.2,-0.27,-0.03,0.09,11.2,0,5,4.6,3.64
344,1274907755000,53.0082404,4.7181335,2,22.9,5.9,7.3,-0.03,-0.02,-0.02,22,0,5,5.3,0.35
344,1274908676000,53.0082433,4.7181373,1,22.9,6.6,7.3,0,0,0,30.9,0,5,5.4,0.41
344,1274909594000,53.008256,4.7181017,-1,23.7,7.1,7,0.01,0.01,0.01,21,0,5,5.1,0.39
344,1274910510000,53.008267,4.7180553,-11,23.4,12.5,23.5,0,0,0,24.9,0,4,13.7,0.53
344,1274911430000,53.0082703,4.7180591,-12,23,9.2,16.1,0,0,-0.01,32.8,0,4,9.6,0.47
344,1274912358000,53.0082519,4.718112,-8,22.6,9.1,11.6,-0.07,-0.05,-0.06,32.8,0,4,8,0.43
344,1274913276000,53.0082405,4.7181402,-6,22,6.5,11.8,1.02,0.45,0.84,22.8,0,6,4.9,3.53
344,1274914187000,53.0081844,4.7182034,7,21.7,7.9,13.6,-0.02,-0.01,-0.01,21.8,0,5,6.5,0.42
344,1274915115000,53.0081823,4.7182101,6,21.6,10.1,11.8,-0.04,0.05,0.37,11.7,0,5,4.8,4.37
344,1274916023000,53.0082052,4.7181818,0,21.3,11.8,8.9,0.87,0.31,0.51,17.6,0,5,4.6,4.82
344,1274916960000,53.0082754,4.718151,9,21,5.7,9.4,-0.07,-0.05,-0.23,42.5,0,7,4,0.7
344,1274917869000,53.0082988,4.7181908,17,20.6,8,16.9,-0.03,-0.02,-0.06,23.6,0,6,7.2,0.43
344,1274918782000,53.0082689,4.7182399,23,21.1,7.6,13.2,-0.02,-0.02,-0.04,24.6,0,6,5.4,0.46
344,1274919689000,53.0082498,4.718265,20,21.4,9.4,13.4,-0.03,-0.02,-0.03,19.5,0,6,4.8,0.57
344,1274920606000,53.0082612,4.7182037,10,22.2,16.8,19.8,-0.55,-0.73,-0.53,24.5,0,6,4.4,6.19
344,1274921548000,53.0082521,4.7181196,7,22.5,2.2,3.4,0,0,-0.01,54.2,0,9,1.9,0.39
344,1274922449000,53.0082631,4.7181225,5,22.3,3,5.6,0.19,0.07,0.24,11.6,0,8,2.1,2.5
344,1274923345000,53.0082591,4.71813,5,22.8,3.4,5.2,0.25,-0.03,0.22,11.5,0,7,2.1,2.74
344,1274924250000,53.0082448,4.7181146,4,23.4,3.7,4.7,-0.02,-0.43,-0.34,20.4,0,7,1.9,2.5
344,1274925154000,53.0082459,4.7181046,3,23.6,3.9,4.7,0.19,-0.17,-0.07,12.3,0,6,2,2.68
344,1274926060000,53.008241,4.7181331,4,23.8,4.5,5.8,-0.08,-0.19,-0.13,22.2,0,5,2.4,2.94
344,1274926990000,53.0082337,4.7181175,2,24,5.4,7.3,0,-0.01,0,40.1,0,5,3.8,0.33
344,1274927931000,53.0082147,4.7181671,6,23.2,6.8,7.4,0.26,0.14,0.06,52.9,0,5,3.6,3.73
344,1274928847000,53.0081695,4.7181147,8,22.3,10.1,9.8,-1.69,-0.68,-0.63,25,0,5,3.4,6.01
344,1274929776000,53.0082169,4.7181052,0,22.6,4.1,4.2,-1.02,-0.61,0.02,42,0,6,2,3.31
344,1274930682000,53.0595139,4.7067188,0,15.5,7.8,7.8,-7.96,0.29,5.55,20.1,0,5,3.8,5.23
344,1274930980000,53.0628587,4.7008439,-10,16.4,5.4,7.2,-0.07,-0.2,-0.21,14.1,0,6,2.2,2.99
344,1274931275000,53.0584996,4.6931723,-6,14.3,79.1,94.1,0.4,-1.35,-0.19,21,0,5,5.5,7.12
344,1274931574000,53.0560861,4.699552,-12,14.1,5.7,7.7,0.58,9.3,-1.12,16.1,0,6,2.4,4.03
344,1274931886000,53.0547724,4.7183846,-10,16.5,5.2,10.4,-0.1,0.03,-0.1,24,0,4,6.6,0.58
344,1274932220000,53.0547207,4.7183951,-10,19.3,13,11,0.07,0.06,-0.37,52.8,0,6,2.5,1.47
344,1274932518000,53.0547574,4.718406,-6,20,3.7,5.3,-0.04,0.07,0.14,16.1,0,6,2.3,2.81
344,1274932821000,53.0547428,4.7185774,-5,20.9,4.1,5.3,-0.14,0.13,-0.04,15.1,0,6,2.4,2.72
344,1274933125000,53.0547737,4.7185701,-9,21.2,4.4,5.8,0.09,-0.14,0.33,15.1,0,5,2.6,2.98
344,1274933452000,53.0547758,4.7185424,-18,21.5,7,9.8,-0.08,-0.04,-0.05,37.8,0,4,5.6,0.65
344,1274933750000,53.0547899,4.7184633,6,21.2,6.5,8.4,-0.1,0.1,-0.4,16.1,0,5,4.1,3.62
344,1274934052000,53.0547349,4.7185037,-13,20,6.4,7.6,0.11,0.13,-1.24,14.1,0,6,2.9,3.31
344,1274934341000,53.0547911,4.7184957,-10,20.2,3.1,5.2,-0.05,-0.07,-0.22,15.1,0,8,2.1,2.34
344,1274934645000,53.0547775,4.718476,-10,20,3.1,5.6,-0.03,-0.01,-0.02,15,0,8,1.9,2.34
344,1274934951000,53.0547919,4.7184467,-9,20.2,5.2,7.3,-0.38,0.01,-0.67,17,0,7,2,3.64
344,1274935253000,53.0548369,4.7182491,-16,20.3,9,8.2,-0.83,-0.58,-0.66,15,0,6,3.3,4.02
344,1274935556000,53.0547812,4.7182941,-13,20.3,6.1,6.4,0,0,-0.02,14,0,5,4.3,0.64
344,1274935845000,53.0547755,4.7184597,-12,20.5,6.2,9.5,-0.54,-0.07,-0.31,15,0,5,3.2,3.8
344,1274936145000,53.062081,4.7221742,-7,18,2.9,4.6,-0.07,0,-0.05,11,0,8,1.7,2.3
344,1274936438000,53.0620642,4.7221865,1,19.2,4,5.5,-0.21,0.51,0.41,15.9,0,7,1.8,2.98
344,1274936742000,53.0621427,4.7222495,-2,20.4,3.8,4.2,-0.07,0.1,-0.19,15.9,0,7,1.8,2.45
344,1274937044000,53.0616016,4.7215415,-14,20.6,4.3,5.7,-0.02,-0.03,-0.11,13.9,0,6,2.1,0.65
344,1274937328000,53.0587031,4.7118875,7,19.2,5.6,9.3,5.06,-7.81,-3.2,9.9,0,5,4,5.16
344,1274937616000,53.0509768,4.716304,4,16.5,5.9,9.7,2.99,7.35,-3.05,9.9,0,6,3.8,3.4
344,1274937913000,53.0506027,4.7168814,-7,18.9,5.9,10.4,-0.24,0.29,-0.08,18.8,0,6,3.8,4.16
344,1274938215000,53.0506279,4.7168404,-8,20.3,4.4,4.8,-0.12,-0.09,0.16,16.8,0,5,2.2,3.01
344,1274938512000,53.0507303,4.7169021,9,22,8.3,9.9,0.06,-0.14,-0.54,9.9,0,5,4.8,5.28
344,1274938818000,53.0506171,4.7168994,-7,23.1,5.7,8.3,-0.06,-0.06,-0.2,27.6,0,5,5.3,1.1
344,1274939110000,53.0507267,4.7169196,7,23.8,6.6,7.9,-0.11,0.04,0.03,15.8,0,5,4,3.31
344,1274939414000,53.0675289,4.7143,36,20,8.2,9.8,-8.83,-0.27,5.92,15.8,0,6,3.5,4.3
344,1274939846000,53.0904233,4.7146795,-5,17.2,7.9,8.5,0.78,-0.35,-0.08,142.6,0,5,1.8,3.77
344,1274940181000,53.0891154,4.7126552,0,19.2,6.6,7.6,0.16,0,1.21,46.5,0,6,3.7,4.21
344,1274941014000,53.0530244,4.716957,0,19,3,3,7.6,-5.38,-5.57,79.2,0,7,1.7,0.94
344,1274941335000,53.0390937,4.7026261,-10,17.3,4.4,5.4,0.13,-0.13,-0.22,32.5,0,6,2.6,2.98
344,1274941635000,53.0445294,4.7036763,-6,17.2,4.3,5.7,0.15,-0.07,-0.56,12.7,0,6,2.7,2.87
344,1274941920000,53.0528163,4.7004497,0,17,5.5,5.2,-6.69,-4.38,5.34,9.7,0,6,2.3,3.3
344,1274942216000,53.0525601,4.698919,-1,18.6,5.6,9.9,-5.97,0.64,5.09,17.7,0,6,3,3.32
344,1274942513000,53.0551826,4.6866575,-4,18.8,4,7.5,0.25,-0.31,-0.72,10.7,0,6,3.1,2.85
344,1274942800000,53.0543875,4.7047585,-5,18,4.4,5.5,0.11,13.21,-0.88,9.7,0,5,2.3,3.98
344,1274943088000,53.0562978,4.7079346,-8,18.4,4.6,6.8,-0.48,5.38,-0.43,9.7,0,6,2.3,3.46
344,1274943543000,53.0542206,4.6938489,-10,16.4,8.2,23.1,-0.51,-0.04,-0.15,175.1,0,5,5.4,3.74
344,1274943959000,53.0497161,4.695711,-14,16.3,6,6.8,2.39,10.43,-2.91,127.5,0,6,2.9,3.87
344,1274944268000,53.0460192,4.7144539,-4,17.2,3.4,10.6,0.01,-0.04,-0.04,21.4,0,5,5,1
344,1274944567000,53.0460192,4.7145048,-28,19.6,4.5,12.7,-0.49,0.12,-0.55,16.6,0,5,5,4.24
344,1274944869000,53.0389501,4.6943769,-6,17.1,5.4,15.8,-0.29,2.25,-0.45,14.6,0,6,4.6,4.85
344,1274945176000,53.0426428,4.6958091,-8,14.4,4.2,12.8,-0.42,-7.11,3.92,33.4,0,6,4.2,5.18
344,1274945476000,53.0452568,4.6996976,-7,14.6,4.7,9.9,0.21,8.5,-0.89,13.6,0,5,3.9,5.93
344,1274945796000,53.0440126,4.7130508,-5,19.1,3,5.2,-0.16,0.11,-0.16,45.1,0,7,2.3,1.13
344,1274946084000,53.0440201,4.7130401,-4,25.1,4.3,7.5,-0.08,0.04,0.02,13.4,0,7,3.2,0.44
344,1274946378000,53.0440207,4.7130725,-5,25.6,3.9,8.4,0.11,-0.16,-0.21,17.1,0,7,3.2,2.91
344,1274946681000,53.0371021,4.7136763,66,21.3,4,8,9.78,-2.76,-8.61,18.4,0,6,3.4,3.61
344,1274946979000,53.0268232,4.7133113,336,16.8,43.4,101,9.43,1.57,-6.81,12.4,0,7,3,3.52
344,1274947269000,52.9961788,4.7287908,46,14.8,4.9,7.8,-1.07,12.17,-2.31,14.5,0,8,1.9,2.92
344,1274947556000,52.9955009,4.7366044,-9,19.5,3.3,5.2,-0.07,0.02,-0.06,13.4,0,8,1.8,0.46
344,1274947846000,52.9955006,4.7366372,-6,23,3.3,4.6,-0.23,-0.1,0.14,15.5,0,7,1.8,2.31
344,1274948145000,52.9954947,4.7366267,-7,25.6,3.6,4.6,-0.03,-0.2,0.23,10.4,0,6,1.8,3.04
344,1274948439000,52.9954623,4.7366807,-7,25.2,7.4,9.3,-0.14,0.28,-0.15,16.4,0,5,3.1,3.76
344,1274948743000,52.995467,4.7366076,-9,25.2,3.3,4,-0.05,0,-0.09,16.3,0,8,1.6,2.3
344,1274949047000,52.9954516,4.7366542,-6,25.5,5.8,4.3,0.15,0.16,-0.2,16.4,0,5,2,3.18
344,1274949344000,52.9954927,4.7366305,-6,25.7,6.5,9.7,0.09,-0.01,-0.36,9.3,0,5,4.1,4.57
344,1274949638000,52.9954552,4.7366092,-10,25.9,4.3,4.5,-0.16,-0.22,-0.03,15.4,0,6,2.1,2.68
344,1274949936000,52.9955335,4.7365644,-11,24.3,4.4,4.6,-0.19,-0.12,-0.03,9.3,0,7,2.2,2.64
344,1274950224000,52.9955512,4.7365444,-12,23.3,4.4,4.2,-0.12,0.03,-0.01,9.4,0,7,2.2,2.62
344,1274950518000,52.995566,4.7365954,-22,22.1,5.8,7.1,0.34,-0.35,0.1,15.3,0,6,3.1,3.41
344,1274950817000,53.0082943,4.718125,-12,19.5,5.9,7.7,0.01,0.2,-0.1,10.3,0,5,3.9,3.51
344,1274951750000,53.0082988,4.7180559,-9,25.3,5.4,3.9,-0.07,-0.09,-0.09,15.3,0,6,2.7,3.36
344,1274952666000,53.0082897,4.7180872,-7,26.9,5.9,4.1,0,0.02,0.15,19.2,0,6,2.7,3.05
344,1274953572000,53.008292,4.7180003,-21,26.6,7.9,11.5,0,0.14,-0.24,13.2,0,5,4.3,4.18
344,1274954512000,53.0082721,4.7180458,-15,27.5,4.9,8.1,0.05,0.03,0.04,40.9,0,5,5.4,0.33
344,1274955429000,53.0082582,4.7180771,-8,28,6.7,9.8,-0.47,0,-0.45,14.1,0,5,4.3,4.13
344,1274956340000,53.0082304,4.7180955,1,29.9,7.6,10.5,-1.57,-0.36,-1.21,29,0,5,3.7,5.11
344,1274957255000,53.0082482,4.7181003,-7,28.1,8.4,6.8,-0.15,0.13,-0.19,31.9,0,5,3.7,3.74
344,1274958177000,53.0082602,4.7180739,-4,28.7,9.6,5.7,0.3,0.37,-0.07,25.9,0,5,4.1,3.89
344,1274959110000,53.008206,4.7181051,6,30.5,3.9,9.6,0.04,-0.06,-0.04,46.6,0,5,4,3.35
344,1274960039000,53.008203,4.7181063,4,30.7,4.4,8.2,0.48,0.01,0.5,31.8,0,5,3.6,3.19
344,1274960958000,53.0082032,4.7181223,2,34.2,5.6,7.8,0.46,0.14,0.26,22.8,0,5,3.7,3.34
344,1274961864000,53.0082153,4.7181231,1,35,7.4,8.1,0.31,0.08,0.32,16.8,0,5,4.2,3.81
344,1274962792000,53.0082774,4.7181542,11,34.5,7.7,8.4,0.05,0.06,0.06,32.6,0,4,6.2,0.4
344,1274963727000,53.008255,4.7181904,11,34.8,10.1,11.2,0.05,0.05,0.04,39.5,0,4,7.4,0.54
344,1274964660000,53.0082099,4.7181465,-1,32.2,6.2,5.9,0.44,0.05,-0.05,44.5,0,6,3,2.94
344,1274965554000,53.0082091,4.7181386,-3,33.8,5.6,6.1,0.08,0.06,-0.05,10.7,0,6,2.9,3.25
344,1274966452000,53.0082202,4.7181349,-5,31.9,5.3,6.4,0.08,0.13,0.06,12.7,0,6,3,3.16
344,1274967348000,53.0082356,4.7181191,-5,29.2,5.2,6.9,0.1,0.12,-0.19,12.5,0,6,3.2,3.04
344,1274968241000,53.0082499,4.718102,-8,28,5.9,8.2,-0.19,-0.15,0.03,9.5,0,6,3.5,3.08
344,1274969155000,53.0082473,4.718092,-9,28.5,9.2,16.7,0.14,0,0.07,27.3,0,5,10.3,0.52
344,1274970410000,53.0081836,4.7180538,7,28.4,6.2,7.8,0.02,-0.01,0.01,50,0,5,5.4,0.63
344,1274971645000,53.0083697,4.718028,5,30.1,12.9,7.5,-0.02,0.01,0.01,21.3,0,5,4.7,1.7
344,1274972865000,53.0083072,4.7180736,3,28.9,6,7.7,0.41,-0.07,0.3,25.2,0,5,3.8,3.46
344,1274974088000,53.0083024,4.7181258,5,27.1,4.4,6.3,0,-0.06,0.3,32.2,0,6,3.3,2.89
344,1274975302000,53.0082733,4.7181502,3,28.8,5.5,6.6,0.25,-0.15,0,14.3,0,5,3.1,3.25
344,1274976517000,53.008266,4.7181448,-1,27.5,5.5,4.3,0,0,0,29.1,0,5,2.9,0.31
344,1274977728000,53.0082269,4.7181837,-9,25.7,6.7,9.4,0.03,-0.03,0.1,24,0,4,6.6,0.38
344,1274978932000,53.0082497,4.7181518,-5,24.6,5.9,9.9,-0.11,-0.17,0.23,9.8,0,4,4.7,3.68
344,1274980141000,53.0082535,4.7181521,-5,23.7,5.4,9.1,0.18,-0.17,0.43,20.8,0,4,4.3,3.54
344,1274981375000,53.0082622,4.7181305,-4,23,5.1,7.2,0.55,-0.18,0.1,22.8,0,4,4.5,3.76
344,1274982612000,53.0082625,4.7180786,3,22.2,4.9,4.7,0.1,-0.13,0.11,43.6,0,6,2.2,2.57
344,1274983820000,53.0082462,4.7180875,1,21.7,4.8,4.7,0.01,-0.25,0.58,19.8,0,5,3.6,3.63
344,1274985032000,53.0082996,4.7181115,6,20.7,6.4,6.9,-0.15,0.06,0.27,15.8,0,5,3.6,3.3
344,1274986252000,53.0082506,4.7181197,2,21.6,4.9,6.2,0.05,-0.03,0.26,19.7,0,5,3.2,3.04
344,1274987469000,53.0082297,4.7181182,0,22.3,4,5.7,0.17,-0.09,0.26,20.5,0,5,2.7,2.81
344,1274988685000,53.0082308,4.7181033,0,21.6,3.5,5.2,0.15,-0.13,0.16,20.6,0,5,2.3,2.62
344,1274989901000,53.008215,4.7181097,6,21.5,5,10.2,-0.51,-0.2,-0.44,20.4,0,5,2.1,3.18
344,1274991132000,53.0082294,4.7181259,4,23.4,4.7,6.7,0.31,0.02,-0.12,35.3,0,5,3.1,2.9
344,1274992343000,53.0082334,4.7181203,1,23.7,6.4,10.8,-0.01,0.09,0.15,14.5,0,4,5,3.96
344,1274993561000,53.0082386,4.7181079,1,22.8,5.6,7.2,-0.01,0,0,32.3,0,5,5.1,0.36
344,1274994782000,53.0082509,4.7180808,-2,22.3,6.6,7.3,-0.02,-0.02,-0.02,21.2,0,5,5.4,0.36
344,1274995998000,53.0082556,4.7180971,0,23.2,7.2,7,-0.03,-0.02,-0.02,21.2,0,5,5.1,0.38
344,1274997216000,53.0082222,4.7181476,5,22.4,5.7,11.5,-0.08,-0.05,-0.05,23.1,0,6,5.5,0.48
344,1274998447000,53.008221,4.7181559,0,21.7,5.9,11.7,0.01,0.01,0,22.1,0,6,6.7,0.38
344,1274999669000,53.0081874,4.7182239,9,21.6,7,10.3,-0.04,-0.02,-0.03,28,0,6,4.8,0.46
344,1275000876000,53.0081941,4.7182278,0,21.5,9.8,7.2,0.17,0.27,0.27,19.1,0,6,4.5,3.74
344,1275002095000,53.0081797,4.7183517,9,21.8,11.6,6.2,-0.01,-0.02,0,21.9,0,6,5.7,0.64
344,1275003314000,53.0082324,4.7183482,11,22.1,13.4,9,-0.03,-0.07,-0.01,24.9,0,5,8.1,0.5
344,1275004536000,53.008278,4.7181628,12,22,7.2,10.9,0.01,0.03,0,30.8,0,6,6,6.14
344,1275005759000,53.008249,4.7182312,18,22.2,10.7,16.1,-0.07,-0.06,-0.07,21.8,0,5,9.7,0.63
344,1275006989000,53.0082069,4.7183758,26,21.5,13.4,16.3,0.09,0.12,0.07,35.6,0,5,20.4,0.64
344,1275008233000,53.0082544,4.7181274,3,21.5,8.9,9.9,-0.07,-0.07,-0.05,21.7,0,5,6.2,0.37
344,1275009459000,53.0083434,4.7179059,-9,21.6,24.2,18.1,-0.02,-0.03,-0.01,25.7,0,5,5,3.78
344,1275010692000,53.0082534,4.718127,2,23.2,3,4.9,0,0.06,0.15,42.5,0,7,2.3,2.43
344,1275011892000,53.00826,4.7181272,0,24.1,3,4.6,0.21,-0.01,0.19,10.7,0,8,1.9,2.32
344,1275013104000,53.0111276,4.7165965,8,24.1,4.7,5.1,0.18,-7.27,0.75,20.2,0,6,1.9,3.01
344,1275014328000,52.9856851,4.717698,-6,16,3.6,3.9,0.16,0.2,-0.27,30.4,0,6,1.8,2.7
344,1275014781000,52.9856665,4.7176969,-7,17,3.1,3.5,-0.22,-0.27,-0.16,19.5,0,7,1.6,2.36
344,1275015249000,53.0067817,4.7139167,5,17,5.3,3.8,-11.46,-2.64,6.84,23.4,0,6,1.7,0.85
344,1275015710000,53.0080786,4.7117971,-4,17.7,3.3,3.2,0.02,0.13,0,20.3,0,7,1.5,2.39
344,1275016212000,53.0080615,4.7119714,4,19.8,5.3,4.5,-0.02,-0.06,-0.07,58.1,0,4,10.5,0.45
344,1275016665000,53.0089455,4.7118144,-10,17.8,5.4,6.7,0.03,0.27,0.07,15.4,0,5,3.3,3.13
344,1275017146000,53.0081765,4.7180596,-9,19.7,6.7,7.2,0.38,0.14,0.4,32.2,0,4,3.6,3.68
344,1275018432000,53.0082258,4.7181428,0,26.3,3.6,3.4,0.18,0.25,-0.23,38.1,0,7,2.2,3.07
344,1275019662000,53.0082055,4.7182034,1,30.1,7.7,6.4,0.41,0.88,-0.05,20.3,0,6,3.4,3.45
344,1275020887000,53.0082148,4.7181424,1,33,5.6,6.7,-1.47,-0.28,-0.99,29.2,0,6,3.4,3.87
344,1275022106000,53.0082249,4.7181234,1,34.5,3.6,6.2,0.2,0.19,0.42,32.2,0,7,2.2,2.49
344,1275023328000,53.0082599,4.718134,-1,39.3,3.9,4.8,-1.17,-0.47,-0.98,22.1,0,6,2.1,4.16
344,1275024587000,52.995285,4.7747835,19,25.6,7.9,5.2,3.52,12.88,-3.92,64.7,0,5,2.5,6.94
344,1275025097000,52.9621577,4.7943684,51,21,6.7,6.6,2.93,-5.22,1.56,62.7,0,5,4.5,5.14
344,1275025579000,52.9323246,4.7932592,4,21.1,8.3,10.9,3.25,15.46,-4.86,32.9,0,5,4.9,5
344,1275026053000,52.9010297,4.8023007,55,20.3,7.4,9,5.97,-0.35,-4.87,26.8,0,5,4.3,3.91
344,1275026635000,52.8644685,4.8122888,16,20.2,22.7,19.2,4.83,-4.26,-3.3,143.9,0,4,7.5,4.27
344,1275027115000,52.8279933,4.8276289,14,20.7,17,15,9.13,0.69,-3.75,32.9,0,4,7.3,6.77
344,1275027593000,52.7956517,4.8402196,-4,21,11.7,11.8,0.22,0.19,0.1,30.8,0,4,7.2,1.09
344,1275028732000,52.7731041,4.8459872,-4,29.4,2.5,3.6,0.31,0.07,-0.23,65.5,0,6,2.4,0.39
344,1275029194000,52.7732614,4.8453654,-6,32.5,4.1,8.7,-0.61,-0.03,-0.41,15.9,0,5,3.7,3.24
344,1275029651000,52.7736586,4.8450688,-13,33.4,4.8,11.6,0.68,-0.01,0.65,8.9,0,5,4.2,4.3
344,1275030117000,52.7738187,4.845191,-13,31.8,4.1,11.5,0.08,-0.17,0.32,26.8,0,5,4.8,3.61
344,1275030584000,52.7746252,4.8444249,-17,32.7,5.5,9.2,0.06,0.04,0.05,29.7,0,4,5.9,0.69
344,1275031062000,52.7746283,4.8444142,-4,34.8,2.8,4,-0.11,-0.34,-0.09,43.6,0,7,1.7,2.2
344,1275031521000,52.7744887,4.8444304,-6,34.6,6.9,5.6,0.02,0.02,0.01,22.6,0,5,4.4,0.66
344,1275031976000,52.7744759,4.8444368,-7,36,3.9,7.3,0.07,0.11,-0.04,13.8,0,6,3.3,2.94
344,1275032437000,52.7744964,4.8444021,-12,36,2.8,5.5,0.11,-0.05,0.12,26.6,0,7,2.3,2.47
344,1275032901000,52.7732303,4.8458639,-7,35.4,3.8,7.8,-0.01,0.27,-0.09,26.7,0,5,3.4,3.09
344,1275033367000,52.7728796,4.8457959,-15,34.4,5.2,7.4,0.09,0.11,-0.16,28.6,0,6,4.4,0.41
344,1275033846000,52.7730489,4.8456135,-12,33.4,4.9,14.9,0.01,-0.3,0.08,43.5,0,5,5,4.96
344,1275034296000,52.7728309,4.845553,-16,32.9,3.9,6.4,-0.09,0.01,-0.33,13.7,0,7,2.3,2.83
344,1275034754000,52.7727912,4.8454942,-15,33.4,4.1,5.3,0.27,0.25,0.1,23.6,0,7,2.3,2.69
344,1275035214000,52.7727326,4.8453904,-18,34.2,4.1,4.5,0.05,-0.01,0.03,19.6,0,5,3.2,0.5
344,1275035676000,52.7726835,4.8452476,-15,34.3,4.7,4.7,-0.32,-0.24,-0.16,17.7,0,7,2.2,2.99
344,1275036150000,52.7726213,4.8453918,-12,33.7,6.4,8.3,0.13,0.05,0.25,27.5,0,6,3.1,3.7
344,1275036608000,52.7725046,4.8453366,-16,34.5,6.8,9.8,-0.22,-0.05,0.07,21.5,0,5,4.2,3.89
344,1275037064000,52.7720199,4.8440814,-14,33.2,6.4,5.2,0.1,-0.01,-0.64,13.5,0,6,2.6,3.72
344,1275037513000,52.7719174,4.8437945,-16,34.2,6.9,7.5,-0.42,0.21,-0.35,14.6,0,5,3.5,3.69
344,1275037956000,52.7725311,4.8451345,-11,34.1,7.6,7,0.55,0.2,0.24,9.4,0,5,3.4,3.9
344,1275038407000,52.7747901,4.8439101,-13,30.9,6.4,4.8,0.51,0.32,-0.34,12.5,0,6,2.7,3.31
344,1275038871000,52.7746287,4.8436881,-14,30.9,6.4,4.3,0.41,0.34,-0.13,28.4,0,6,2.7,3.08
344,1275039337000,52.7746533,4.8437816,-14,34.2,6.5,4.4,-0.02,-0.14,0.01,30.4,0,6,2.6,3.3
344,1275039873000,52.7746304,4.8437694,-9,29,9.5,9.3,-0.24,-0.06,0.01,101.6,0,4,5,4.11
344,1275040390000,52.7745991,4.8438612,-7,31.1,5.4,6.5,-0.05,0.04,-0.05,74.8,0,5,3.3,3.3
344,1275040852000,52.7734461,4.8432107,-12,30.9,3.8,6.1,0.02,0,0.01,25.3,0,5,3.5,0.88
344,1275041319000,52.7733831,4.8432558,7,30,7.3,15.6,-0.51,-0.16,-0.32,28.2,0,5,3.9,2.01
344,1275041774000,52.7734368,4.8432905,5,33,5.2,11.1,0.58,0.03,0.47,19.3,0,4,4.9,3.7
344,1275042232000,52.773254,4.8440389,-5,30.8,4.5,12,-0.33,0.16,-0.64,13.2,0,5,4.8,3.97
344,1275042689000,52.7745832,4.8443403,13,28.5,6.5,13.1,-0.25,-0.08,-0.15,22.2,0,4,7.8,0.98
344,1275043160000,52.7746265,4.8442328,6,29.2,6.3,9.9,-0.12,-0.04,-0.06,29.2,0,4,6.5,0.6
344,1275043614000,52.7744907,4.8440759,3,26.7,6.4,8.4,0.03,0.02,0.01,19.2,0,4,5.9,0.45
344,1275044071000,52.7747395,4.8447569,1,28.4,4.7,10,0.38,0.01,0.1,12.2,0,5,4.3,3.3
344,1275044539000,52.7740609,4.8471675,2,29.5,5.2,9.6,0.61,-0.01,0.38,32,0,5,4.1,3.36
344,1275045010000,52.7743454,4.8462804,-4,30.8,5.7,8.9,6.41,-2.39,-7.88,23,0,5,4,4.23
344,1275045467000,52.7731958,4.8449812,-3,27.3,5.9,9,0.59,0.17,0.26,16.2,0,5,4.1,3.32
344,1275045955000,52.7735986,4.8449057,-11,29.6,5.9,9.9,-0.01,-0.08,0.1,39.9,0,4,5.1,1.46
344,1275046450000,52.7746292,4.8443959,-4,29,6.1,7.9,-0.04,-0.02,-0.02,54.8,0,4,5.5,0.59
344,1275046932000,52.7745387,4.8441218,-5,31.2,3.3,3.7,0.42,-0.18,0.46,40.9,0,6,2,2.5
344,1275047391000,52.7728209,4.8488805,-6,31.4,7.4,10.2,0.11,-0.09,-0.06,20,0,5,4.6,4.18
344,1275047855000,52.7734519,4.8486288,-3,31,5,7,-0.02,-0.07,0.01,20,0,5,5.3,0.55
344,1275048394000,52.7728248,4.8481618,-1,30.5,5.9,7.6,1.12,-0.32,0.07,94.4,0,6,3.2,4.07
344,1275048864000,52.772771,4.8479315,-5,30,4.9,5.6,0.35,-0.19,0.24,20.9,0,5,3,1.18
344,1275049387000,52.7723938,4.8479959,-1,32.4,6.6,8,0.02,-0.02,-0.04,79.5,0,6,2.9,1.4
344,1275049853000,52.7725334,4.8478609,-5,32.2,5.1,5.1,-0.14,-0.01,0.18,17.9,0,7,2.9,0.46
344,1275050326000,52.7732099,4.8478703,-8,30.8,5.6,8.5,-0.06,-0.24,-0.47,26.9,0,6,3.1,3.78
344,1275050792000,52.7744004,4.8474841,-13,30.5,8.9,11.7,2.67,-3.06,-1.57,28.9,0,6,4.3,5.01
344,1275051239000,52.7745291,4.8428312,-11,26.6,8,6.5,0.03,-0.05,0.1,11.8,0,5,3.9,3.93
344,1275051690000,52.7744758,4.8465349,-13,28.1,4.7,6,0.16,0.23,-0.02,14.9,0,7,2.9,3.03
344,1275052179000,52.7741946,4.8467263,-14,31.3,5.6,6,-0.63,0.33,0.27,39.6,0,6,2.9,3.66
344,1275052629000,52.7740841,4.8469577,-17,31,5.5,7,0.04,-0.19,-0.04,9.9,0,6,2.4,3.49
344,1275053104000,52.7737683,4.8468753,-14,30.1,3.4,4.4,-0.02,-0.01,0,36.6,0,6,2.7,0.46
344,1275053587000,52.77372,4.8464609,-12,27.9,4.4,6.3,-0.11,0.08,-0.01,23.6,0,6,3.3,0.59
344,1275054063000,52.7743193,4.8475276,-13,27.1,10.9,17.1,0.5,0.33,0.34,35.6,0,5,10.7,0.7
344,1275054608000,52.7717824,4.8476698,-15,25.2,9.4,17.7,-0.21,-0.17,-0.22,100,0,4,10.9,0.71
344,1275055071000,52.7719621,4.8471661,-19,27.5,5.7,7.9,0.42,-0.34,0.1,19.6,0,6,3.5,3.78
344,1275055526000,52.7732289,4.8486092,-14,26.9,5.4,7,0.35,0.01,0.02,10.8,0,6,3.4,3.14
344,1275055988000,52.796386,4.8569625,115,21.8,10.8,17.2,-1.9,-2.72,3.85,24.6,0,5,10.4,1.33
344,1275056455000,52.8333299,4.8635297,-6,21,8.8,9.7,-9.24,-0.27,5.57,25.3,0,5,3.2,4.43
344,1275056905000,52.855711,4.8506077,211,20.9,6.3,8,-2.98,-0.66,1.94,13.7,0,5,3.2,4.7
344,1275057372000,52.8864951,4.8362801,110,19.5,6.4,6.5,-0.54,-5.2,2.1,32.5,0,7,3.1,2.95
344,1275057841000,52.9160544,4.8037078,-1,20.7,3.6,4.6,-6.46,-5.31,5.85,21.5,0,7,2,2.64
344,1275058301000,52.9529282,4.7766371,21,20.8,9.1,8.8,-6.08,-7.4,6.88,17.6,0,6,3.4,5.63
344,1275058767000,52.9845511,4.7539692,19,19.8,6.7,6.5,-8.15,-2.01,6.65,19.5,0,6,3.1,4.26
344,1275059237000,53.0082139,4.7180833,5,20.1,7.8,7.5,0.72,-0.01,0.19,25.5,0,6,3.5,0.75
344,1275060475000,53.0082741,4.718132,6,24.2,4.8,5.5,-0.03,-0.08,-0.18,15.5,0,6,1.8,2.69
344,1275061722000,53.0082354,4.7181038,1,25.7,2.9,3.4,-0.16,-0.08,0.04,46.1,0,7,1.6,2.22
344,1275062932000,53.0082351,4.7181084,1,27.4,3.1,4,0.12,-0.03,0.14,24.3,0,7,1.8,2.34
344,1275064136000,53.0082453,4.7181091,1,26,2.7,4.2,0.48,0.05,0.39,12.4,0,8,1.6,2.28
344,1275065343000,53.0082154,4.7181468,0,25.6,7.1,11,0.64,0.41,0.03,19.1,0,5,4.1,4.15
344,1275066569000,53.0082625,4.7181308,-4,24.6,4.1,7.2,0.24,0.32,0.13,29,0,6,2.3,3.1
344,1275067783000,53.0082012,4.7180865,-15,24,7.6,12.9,0.17,0.12,0.73,27,0,5,4.4,4.04
344,1275068996000,53.0082617,4.7181166,0,23.1,6.5,5.8,0.42,0.1,0.23,24,0,5,3.4,3.46
344,1275070242000,53.0082576,4.7181097,1,22,4.1,4.6,-0.21,0.22,0.24,53.7,0,6,2.3,2.68
344,1275071456000,53.0082668,4.7180847,-1,21.7,4.1,4.7,0.27,0.03,0.23,20,0,6,2.3,2.82
344,1275072687000,53.0082764,4.7180579,-2,21.7,5.6,8.2,-0.19,-0.05,-0.1,18.9,0,6,2.3,1.58
344,1275073896000,53.0082672,4.7180593,0,21.7,4.6,6.2,-0.18,-0.1,-0.22,12,0,5,2.6,3.15
344,1275075106000,53.0082558,4.7180778,6,21.5,5.8,8.4,-0.07,-0.03,-0.04,21.8,0,4,5.4,0.34
344,1275076319000,53.0082719,4.7180462,1,21,7.7,7.9,-0.12,-0.25,0.16,18.8,0,4,4.3,3.56
344,1275077535000,53.0082828,4.7180394,-1,21.2,9.9,6.9,0.18,0.11,0.19,18.7,0,4,4.3,3.78
344,1275078762000,53.0082712,4.7180929,-4,21.5,5.2,5.9,0.08,0.03,0.2,29.6,0,6,2.9,2.86
344,1275079971000,53.0082963,4.7181291,-1,20.8,5.8,7.3,-0.04,-0.03,-0.03,22.6,0,5,5.2,0.34
344,1275081187000,53.0082864,4.7181172,-1,20.7,7.9,8.5,-0.07,-0.07,-0.05,22.5,0,5,5.3,0.34
344,1275082393000,53.0082783,4.7180664,-8,19.8,10.8,10.5,0.14,0.27,0.4,12.6,0,5,5,4.61
344,1275083607000,53.0082861,4.7179436,-39,20.6,9.1,16.6,-0.04,-0.02,-0.04,26.3,0,4,10.1,0.48
344,1275084826000,53.0082319,4.718099,-23,20.8,9.7,11.4,-0.01,0,-0.01,29.4,0,4,7.9,0.81
344,1275086046000,53.0082132,4.7181157,-4,21,3.4,4.2,-0.62,-0.76,-0.09,33.2,0,8,1.8,9.27
344,1275087266000,53.0082184,4.7181314,-2,23.2,2.8,3.5,0.05,0.08,0.22,21.3,0,9,1.6,2.23
344,1275088482000,53.0082354,4.7181491,0,24.3,3,3.3,-0.05,-0.1,0.13,21.2,0,8,1.5,2.44
344,1275089704000,53.0082494,4.7181164,0,24.4,5.6,5.8,0.21,-0.2,0.2,27.2,0,5,2.8,3.57
344,1275090916000,53.0082698,4.718178,13,23.8,5.2,8.4,-0.03,-0.02,-0.04,23,0,6,5.6,0.41
344,1275092124000,53.0082322,4.7183102,25,20.6,10.4,14.6,-0.34,-0.4,-0.46,15.2,0,6,4.7,1.57
344,1275093371000,53.0082689,4.7181341,3,22.8,2.5,4.8,-0.01,0.01,0,45.9,0,7,2.6,0.24
344,1275094616000,53.0082441,4.7181189,3,23,4.4,7.6,-0.16,0.07,0,11.1,0,6,3.5,3.31
344,1275095824000,53.0082435,4.718119,1,23.2,4.7,7.8,0.08,-0.12,0.11,19,0,6,3.5,3.15
344,1275097046000,53.0027027,4.7170531,-3,18.8,5.8,9.3,4.86,10.01,-4.14,12.2,0,6,3.1,4.77
344,1275097500000,52.9740805,4.7365014,-3,16.6,5.4,6.7,6.86,1.55,-4.81,14.9,0,5,3.1,3.17
344,1275097964000,52.9429157,4.7601712,12,15.6,7.9,7.9,7.71,1.84,-5.32,14.8,0,5,3.8,4.37
344,1275098436000,52.9141211,4.8050941,0,15.7,12.5,8.1,6.15,4.36,-4.46,22.7,0,4,5.7,5.59
344,1275098893000,52.882577,4.8344231,3,15.1,9.3,10.2,6.8,1.19,-6.75,15.9,0,6,3.8,4.25
344,1275099444000,52.835016,4.8213028,-1,15.5,3.7,4.9,10.28,-3.47,-2.68,102,0,5,2.2,3.1
344,1275099966000,52.7913346,4.8391741,0,15.7,3.8,4.9,8.79,0.37,-5.95,80.2,0,5,2.1,3.23
344,1275100452000,52.7741878,4.8475271,-13,15.8,7.7,8.8,-0.23,0.34,-0.25,38.6,0,6,2.7,3.73
344,1275100914000,52.7738216,4.8478065,-6,18,2.9,3.3,-0.36,-0.1,-0.38,20.7,0,7,1.8,2.25
344,1275101378000,52.773143,4.8463876,-9,18.6,3.4,3.1,-0.26,0.06,0.04,20.7,0,7,1.6,2.24
344,1275101834000,52.7730201,4.8453705,-9,19.2,6.7,5.2,-0.86,0.83,0.03,12.8,0,6,3.2,3.14
344,1275102291000,52.7744193,4.8454385,-8,21.1,4,3.4,-0.03,-0.1,0.4,21.7,0,6,2,2.71
344,1275102754000,52.774226,4.8454979,-12,21.4,5.2,6.5,0.25,0.19,-0.17,20.6,0,6,3.3,3.1
344,1275103217000,52.7715158,4.8442585,-20,21.4,6.8,8.9,-0.53,-0.44,-0.49,19.6,0,5,3.6,4.16
344,1275103682000,52.7719159,4.8444022,-11,22.6,5.8,6.2,0.01,-0.04,-0.14,20.6,0,5,3.4,3.55
344,1275104146000,52.7717619,4.8442877,-13,23.8,5.3,6.2,-0.05,0.06,0.3,20.6,0,5,3.2,3.79
344,1275104612000,52.7719138,4.8444496,-13,23.6,9.7,6.7,0.03,0.07,-0.53,22.5,0,5,3,4.24
344,1275105078000,52.7726885,4.8485309,-14,23,4.6,6.4,0.29,-0.15,0.26,22.2,0,5,3,3.08
344,1275105535000,52.7728365,4.8487023,-15,23.8,7,8.3,0.19,-0.24,-0.4,17.6,0,5,2.9,3.7
344,1275105993000,52.7722181,4.848758,-15,24.9,6.1,7.1,0.33,0.43,0.14,11.6,0,5,2.9,3.77
344,1275106460000,52.7717067,4.8485983,-16,25,6.5,7.1,0.01,0.01,0.01,30.4,0,4,7.5,0.49
344,1275106915000,52.7719544,4.8481358,-11,25.6,4,6.3,0.05,0.02,0.1,21.5,0,5,2.8,2.86
344,1275107379000,52.7721943,4.8473966,-10,26,3.8,5.9,-0.27,-0.49,0.18,21.4,0,5,2.8,2.8
344,1275107845000,52.7722963,4.8475267,-17,26,3.9,6.3,-0.83,-0.07,-0.21,23.4,0,5,2.7,3.21
344,1275108311000,52.7723671,4.8476205,-10,26.4,10.8,6.3,0.42,0.61,0.19,25.4,0,4,5,4.23
344,1275108771000,52.7718414,4.8476581,-12,26.1,11,6.9,-0.42,-0.44,-0.46,21.4,0,4,4.6,4.16
344,1275109242000,52.7726014,4.8464903,-1,25.9,7.6,6.4,-0.32,0.06,-0.05,28.3,0,6,2.9,3.62
344,1275109697000,52.7728395,4.8467637,-9,26.1,7.1,4.8,0.27,-0.16,-0.39,19.4,0,5,2.8,3.8
344,1275110167000,52.7673925,4.8311098,-5,23.9,5,4,0.2,-0.17,0.03,25.3,0,5,1.9,3.43
344,1275110630000,52.7671017,4.8292821,-5,26,4.1,3.9,-0.23,-0.02,-0.44,24.3,0,5,1.9,2.56
344,1275111090000,52.7668164,4.8291682,-2,28,6.4,5.6,0.21,-0.17,0.68,20.3,0,4,3.3,3.41
344,1275111582000,52.7665369,4.8282516,-3,30.3,6.4,4.8,1.75,-5.12,-0.97,48,0,5,2.1,4.42
344,1275112060000,52.766323,4.8283852,2,29.8,5.9,4.9,-0.02,-0.01,-0.01,30.2,0,5,3.4,0.55
344,1275112515000,52.7659409,4.8283358,0,31.4,12.3,6.5,0.03,0.01,0,21.2,0,4,7.5,0.82
344,1275112979000,52.7659299,4.8283412,0,32.1,10.2,7.2,0.03,0.01,0,21.2,0,4,6.5,0.55
344,1275113460000,52.765747,4.8284447,-2,31.7,9.8,6.8,0.24,-0.06,-0.12,38.1,0,5,5.3,6.43
344,1275113941000,52.7653693,4.8286758,-3,31.1,3.9,3.9,0.1,0.11,-0.09,39,0,6,2.6,0.28
344,1275114411000,52.7653627,4.8292608,-4,30.7,6.2,6.5,-0.21,-0.02,0.14,29.1,0,5,3.3,3.24
344,1275114874000,52.765384,4.8293122,-3,30.4,5.9,6.2,-0.11,0.03,0.49,28.2,0,5,3.2,3.55
344,1275115322000,52.7653569,4.8293171,-3,32,3.4,4.6,0.25,0.18,0.22,12.2,0,6,2.2,2.48
344,1275115779000,52.7654382,4.829451,-5,32.4,5.5,7.7,1.15,0.79,0.72,21.1,0,5,2.8,3.77
344,1275116245000,52.7668465,4.8295094,-6,30.5,6.8,6.1,0.4,0.55,0.09,23.1,0,5,2.7,3.93
344,1275116703000,52.7671377,4.8292691,-4,32.1,3.6,4.5,-0.26,-0.05,0.15,17.1,0,5,2.7,0.29
344,1275117224000,52.7660352,4.8316138,-11,31.4,4.2,5.4,0.14,0.12,-0.12,73.6,0,5,3.3,0.69
344,1275117684000,52.76579,4.8315769,-18,33,4.9,11.4,0.13,-0.04,0.37,22,0,4,5,3.8
344,1275118149000,52.7676995,4.8285562,-14,32.3,5.6,9,-0.06,0.05,0.51,23,0,5,4.3,3.32
344,1275118622000,52.767139,4.8290747,-16,32.3,6.8,7.3,0,0.01,0.01,31.8,0,4,5.4,0.42
344,1275119084000,52.7666514,4.8291853,-14,23.7,6.7,9.6,0,-0.13,0.22,14,0,5,4.6,3.6
344,1275119543000,52.7662619,4.8282136,-18,26.3,6.5,7.8,0.29,0.13,-0.05,24.9,0,4,6,0.69
344,1275120000000,52.7658353,4.8280843,-16,28.1,7.6,8.8,0.35,-0.1,-0.02,17.9,0,5,3.6,3.66
344,1275120477000,52.7640396,4.8316739,-23,27.3,5.9,6.7,0.28,0.43,1.65,30.9,0,5,3.1,3.81
344,1275120961000,52.7649272,4.8306554,-12,29.1,6,5.5,-0.03,-0.01,0.18,33.9,0,5,2.7,3.04
344,1275121440000,52.7639943,4.830983,-12,31.1,4.9,4,0.69,0.55,-0.45,33.7,0,5,2.8,3.4
344,1275121900000,52.7641798,4.8312372,-8,32.2,5.9,7.7,-0.1,0.03,-0.28,13.9,0,4,2.7,3.22
344,1275122376000,52.764208,4.8313137,-6,34,4.9,5.2,0.44,0.26,0.19,41.6,0,7,2.2,2.68
344,1275122827000,52.7642657,4.8312605,0,36.9,5.8,6.4,1.34,0.9,0.73,12.9,0,6,2.7,4
344,1275123283000,52.7642365,4.831254,-10,37.1,5.5,6.3,-0.3,-0.07,0.1,20.8,0,6,2.9,2.97
344,1275123744000,52.7656231,4.8301444,-12,34.4,5.9,6.7,-0.22,0,0.08,17.7,0,6,3.2,3.13
344,1275124213000,52.7655986,4.8302049,-15,34.5,5.2,6.7,0,0.01,0.02,22.7,0,6,3.4,0.59
344,1275124667000,52.7656133,4.8300835,-16,35.1,6.1,7,-0.25,-0.2,-0.2,12.8,0,6,3.6,3.13
344,1275125112000,52.7656113,4.8300856,-18,36.3,7.4,11.1,0.19,-0.1,0,9.8,0,5,5,3.67
344,1275125569000,52.7655469,4.830132,-14,37.2,7.1,8.6,-0.02,-0.12,0.03,18.7,0,6,3.8,3.21
344,1275126037000,52.7661891,4.8297577,-19,34.5,6,9.6,0.03,0.01,0.04,22.6,0,5,5.9,0.39
344,1275126505000,52.7641511,4.8316563,-17,33.8,6.2,10,0.11,0.09,0.13,26.6,0,5,5.7,1.35
344,1275126966000,52.7641006,4.8312461,-7,37.8,3.7,5.7,1.08,0.67,1.65,23.6,0,6,2.4,3.27
344,1275127905000,52.7662001,4.8315716,-16,39.2,4.1,7.1,-0.02,0.07,-0.46,18.5,0,6,3,3.14
344,1275128381000,52.7658563,4.8310394,-6,39,4.8,13.3,0.39,-0.15,0.31,30.5,0,5,4.8,4.25
344,1275129476000,52.7672937,4.8319973,-7,39.4,2.1,3.3,-0.03,0.02,-0.03,37.3,0,7,1.9,0.29
344,1275129937000,52.7673492,4.8314955,-8,40.4,3.5,4.8,0.11,0.19,-0.04,18.4,0,5,2.1,2.53
344,1275130472000,52.7670559,4.8292486,-11,38,6.3,7.8,0,0,-0.02,88.9,0,4,7,1.03
344,1275130926000,52.7671649,4.8294541,-7,33.9,6.6,5.9,-0.07,-0.15,0.41,15.5,0,4,3.1,3.75
344,1275131401000,52.7671235,4.8296337,-7,37.2,3.5,4.2,-0.34,-0.03,-0.36,26.3,0,6,1.6,2.62
344,1275131853000,52.7823553,4.8166283,57,30.8,8.4,11,-6.93,-5.88,6.79,14.4,0,4,4.6,5.28
344,1275132316000,52.8172505,4.8152868,434,24.8,8.3,5.9,-12.07,-3.06,8.59,29.2,0,5,3.9,2.74
344,1275132785000,52.8727196,4.787068,170,24.4,11.2,8.7,-2.57,-5.48,3.51,34.1,0,5,3.6,6.05
344,1275133300000,52.9250974,4.7655378,124,26.7,16.2,11,-13.05,-1.5,9.08,68.8,0,4,13.4,4.36
344,1275133839000,52.9881028,4.7387839,31,25,14,14.9,-11.49,-4.03,8.9,95.7,0,4,19.2,3.46
344,1275134316000,53.0082474,4.7181672,0,26.7,7.8,6.8,0.11,-0.07,0.09,29.2,0,6,4.5,1.01
344,1275135559000,53.0081871,4.7182011,2,33.2,8.2,10,0,0,0.05,24.1,0,4,7.1,0.43
344,1275136784000,53.0082194,4.7182064,4,33,6.5,12.8,0,0.01,0.02,33.1,0,5,7.4,0.49
344,1275138028000,53.008347,4.718453,-20,30.2,25.9,28.3,0.38,-0.15,0.19,34.9,0,4,21.8,0.84
344,1275139399000,53.0082688,4.7182138,-18,29.4,12.1,18.8,0.11,-0.04,0.05,39.8,0,5,13.1,0.55
344,1275140619000,53.0082309,4.7181082,-5,27.5,4.1,4.7,0.25,-0.21,0.22,27.8,0,7,1.9,2.42
344,1275141850000,53.0082378,4.7180744,2,26.1,8.2,10.6,0.01,-0.01,0.02,42.7,0,5,6.2,0.56
344,1275144546000,53.0082742,4.7181162,0,25.2,8.6,5.8,-0.05,0.46,-0.35,129.8,0,6,3.4,13.58
344,1275145781000,53.0016304,4.7339627,-2,19.8,2.5,3.1,0.01,0.01,0.02,37.5,0,8,1.7,0.21
344,1275146243000,53.0016135,4.7339243,-5,20.7,4.7,5.8,0.09,-0.16,0.01,19.7,0,6,4.3,2.95
344,1275146715000,52.9963238,4.7300489,-7,19.9,5.1,5.9,-0.03,-0.02,0.02,27.5,0,6,5.1,0.34
344,1275147181000,52.9962976,4.7299629,-12,22,7.8,8.4,0,0.04,0.05,29.6,0,6,5.3,0.42
344,1275147637000,52.9963203,4.7299741,-9,23.3,11.1,11.8,-0.03,0.28,0.41,21.5,0,6,4.7,3.76
344,1275148120000,53.0029112,4.723708,24,20.7,3.6,4.3,-9.23,-4.64,7.83,40.4,0,6,2.2,1.27
344,1275148620000,53.0082638,4.7181322,1,20.8,7.2,7.7,0.22,0.11,0.29,60.3,0,5,2.3,3.69
344,1275149829000,53.0082595,4.7181189,2,21.7,3,5.4,-0.25,0.03,-0.41,21.5,0,7,2.2,2.41
344,1275151045000,53.0082561,4.7181384,2,23.4,4.4,5.4,-0.11,0.1,0.07,21.5,0,6,2.7,3.03
344,1275152314000,53.0082749,4.7181436,1,22.2,4,5.3,0.49,0.17,0.21,74,0,6,2.2,2.76
344,1275153530000,53.0337564,4.7764602,-5,20.3,7.4,9.6,-0.2,0.34,2.39,26.3,0,5,4,2.76
344,1275153996000,53.0351035,4.7756855,-3,20.9,9.4,8.4,0.06,-0.13,-0.03,28.3,0,4,7,1
344,1275154452000,53.0350729,4.7762494,-8,21.1,17.4,8.2,0.62,0.7,-0.5,20.2,0,5,4.9,6.73
344,1275154933000,53.0350365,4.7762536,-6,21.4,4,4.6,0.01,0.05,0.14,37.1,0,5,2.5,1.22
344,1275155397000,53.0345289,4.7761916,-4,21,6.6,5.2,0.39,0.28,-0.47,21.3,0,5,2.5,4.47
344,1275155861000,53.034558,4.7761832,-3,21.4,6.7,4.4,-0.09,-0.06,-0.34,21.3,0,5,2.4,4.17
344,1275156342000,53.034544,4.7761958,-3,21.8,3.1,3.8,0.02,-0.04,0.11,38.1,0,6,1.7,2.22
344,1275156804000,53.0345059,4.7761866,-4,21.8,2.9,3.9,0.1,0.08,-0.19,20.2,0,7,1.7,2.11
344,1275157269000,53.0345001,4.7762029,-3,22.4,3.1,4.6,0.05,-0.14,0.11,21.2,0,6,2,2.46
344,1275157741000,53.0344434,4.7761854,0,21.3,5.1,8.2,0,0,0,29.1,0,5,5.4,0.36
344,1275158205000,53.0353723,4.7752383,-9,21.6,5.9,10.4,0.03,0.07,0.03,29.1,0,6,5.7,0.56
344,1275158659000,53.035274,4.7750906,-6,21.5,4.8,9.3,-0.06,-0.16,-0.43,19.2,0,6,3.7,3.62
344,1275159133000,53.035282,4.775069,0,21.1,6.9,26.8,2.01,-0.87,-1.42,29,0,6,8.2,10.29
344,1275159607000,53.0351271,4.7750483,-65,21.4,14,44.1,-0.29,-0.06,-0.8,38.9,0,5,18.8,1.33
344,1275160083000,53.0352216,4.7750556,-30,21.3,9.3,29.8,0.02,-0.01,0.07,34.9,0,5,10.6,0.57
344,1275160572000,53.0352866,4.7750579,0,21.9,3.1,4.4,0,-0.01,-0.03,43.9,0,6,1.8,2.44
344,1275161028000,53.032332,4.7709773,-3,20.8,2.7,4.7,0.05,0.11,0.08,20.1,0,8,2,2.22
344,1275161493000,53.0323056,4.7709703,-4,21.7,3,5.2,0.01,0.09,0.05,21,0,7,2.4,2.49
344,1275161956000,53.0322993,4.7710216,-3,22.1,2.6,4.1,0.02,0.04,0.16,20,0,8,1.7,2.12
344,1275162420000,53.0322102,4.7709986,-2,21.3,3.4,4.5,0.89,-0.64,0.19,20,0,8,1.6,3.1
344,1275162885000,53.0321796,4.7710777,-9,21.9,5,6.6,-0.07,-0.08,0.41,21,0,6,3,2.87
344,1275163350000,53.0321771,4.771082,-10,21.9,6.4,8.2,0.24,0.02,-0.39,21.8,0,6,2.9,3.38
344,1275163812000,53.0322359,4.7710859,2,21.5,4.6,7.3,0.2,0.15,0.43,19.9,0,5,3.1,3.27
344,1275164276000,53.0322197,4.7710939,0,21.8,4,5.4,0.17,0.06,-0.05,19.9,0,6,2.4,2.54
344,1275164752000,53.0322116,4.7710582,-8,22.3,5.8,6.8,0.01,0.01,0.03,31.8,0,5,3.9,0.32
344,1275165222000,53.0322512,4.7711179,0,22.8,5.6,7.8,-0.07,0.06,-0.03,21.9,0,5,3.5,3.27
344,1275165687000,53.0321487,4.7708039,0,21.7,9.2,11.7,-0.02,-0.05,-0.43,22.8,0,5,3.6,3.92
344,1275166148000,53.0321384,4.7708019,-1,21.7,7.1,8.5,-0.13,-0.22,-0.49,19.8,0,5,3.7,3.66
344,1275166614000,53.0321378,4.7707976,-4,22.4,6.8,7.4,-0.1,0.23,0.6,21.8,0,5,3.7,3.53
344,1275167095000,53.0321418,4.7708603,0,23,5,4.5,0.02,0,0.05,38.5,0,5,3.7,0.4
344,1275167580000,53.0319713,4.7708309,-3,23.4,7.6,5.4,0.09,0.03,-0.07,43.6,0,5,3.5,3.93
344,1275168041000,53.0314578,4.7690893,3,22.4,8.3,7.5,1.75,-4.44,-0.87,24.7,0,5,3.2,4.6
344,1275168500000,53.0091326,4.7501935,-9,18.4,9.4,7.2,0.03,0,0.04,19.7,0,5,3,0.74
344,1275168969000,53.0090946,4.7502905,-5,20.2,5.5,6.3,-0.25,0.08,0.24,24.7,0,6,2.8,3.28
344,1275169447000,53.0091945,4.7503062,1,21,17.3,12,0.39,-0.03,-0.95,38.5,0,5,7.7,5.55
344,1275169925000,53.00913,4.7502884,-5,21.3,5.2,5,0.02,-0.02,-0.07,35.3,0,4,10.7,0.55
344,1275170389000,53.0091114,4.7502456,-10,21,4.1,5,0.04,-0.07,-0.07,20.7,0,9,2,2.6
344,1275170853000,53.0091016,4.7502827,-10,21.7,3.5,4.3,0.09,0.07,0.09,20.7,0,11,1.9,2.27
344,1275171308000,53.0091044,4.7502693,-9,21.9,10,8.8,0.09,0,-0.61,11.8,0,7,4.8,3.73
344,1275171766000,53.0090635,4.7502661,-14,21.7,3.2,4,0.01,-0.06,-0.15,21.6,0,9,5.7,2.28
344,1275172694000,53.0090681,4.7503072,-12,20.9,4.3,4.6,-0.03,-0.03,0.06,21.6,0,8,3.1,0.9
344,1275173167000,53.0090413,4.7502456,-17,20.8,5,6.1,0,-0.03,-0.07,30.5,0,9,3.7,0.33
344,1275173611000,53.00906,4.7502416,-16,21.6,6.7,8.8,-0.02,0.05,-0.08,10.7,0,8,4.2,3.28
344,1275174060000,53.0090622,4.7502362,-15,22,7.1,9.2,-0.22,0.19,-0.07,11.6,0,6,4.5,3.33
344,1275174508000,53.0090555,4.750232,-16,22,7.9,9.6,-0.04,-0.05,0,11.6,0,6,4.5,3.92
344,1275174973000,53.0091209,4.7502539,-6,22.1,2.6,2.8,0.02,-0.13,-0.15,12.6,0,11,1.3,1.89
344,1275175430000,53.0091036,4.7502492,-5,22.2,3.3,3,0,0,0.01,21.5,0,10,1.5,0.4
344,1275175894000,53.009072,4.750205,-9,23,7.2,7.1,-0.53,-1.1,-0.05,21.4,0,6,3.9,3.74
344,1275176347000,53.009153,4.750297,-1,22.9,6.8,9,-0.21,0.01,0.16,10.5,0,7,3.5,3.4
344,1275176806000,53.00916,4.7502918,4,22.6,4.2,6,-0.09,-0.08,-0.12,21.4,0,7,2.8,0.43
344,1275177269000,53.0091619,4.7502784,3,22.5,3.7,5,-0.08,-0.07,-0.11,20.4,0,6,2.7,0.77
344,1275177762000,53.0091345,4.7502973,0,25.2,2.8,3.3,0.04,0.03,0.22,49.2,0,8,1.4,2.12
344,1275178219000,53.00914,4.7502817,0,25.2,5.1,6.2,-0.13,-0.29,-0.51,10.5,0,7,2.6,3.07
344,1275178677000,53.0055855,4.7306233,6,19.9,7.4,6.9,-2.16,-9.75,0.44,20.3,0,6,2.8,4.37
344,1275179144000,53.0082502,4.7181141,6,21.6,2.9,4.4,-0.02,-0.01,-0.03,23.2,0,7,2.4,0.27
344,1275180365000,53.0082556,4.7181152,4,24.4,2.9,5.4,-0.15,-0.09,-0.12,12.4,0,8,2.1,2.49
344,1275181574000,53.0082435,4.718153,1,25.5,2.9,6,0.2,0.13,0.28,21.2,0,7,2.5,2.58
344,1275182795000,53.0082475,4.7181491,1,26.2,3,5.6,0.09,0.2,0.3,26.1,0,6,2.5,2.69
344,1275184025000,52.9530231,4.7566781,15,18,4.4,5.5,5.41,10.06,-6.12,24.1,0,6,2.1,3.22
344,1275184495000,52.9438911,4.7677296,-17,20.6,12.5,6.8,-0.18,-0.05,0.16,29.9,0,4,7.7,0.46
344,1275184958000,52.9160483,4.7845382,12,18.8,4.8,6.3,8.17,0.86,-6.92,29,0,5,2.3,3.56
344,1275185413000,52.8978066,4.7949818,-8,20.3,3.9,4.3,9.01,6.15,-5.98,20,0,5,2.2,3.38
344,1275186432000,52.8356032,4.824644,-11,18.3,5.7,7.7,0.08,0.2,-0.1,46.8,0,6,2.2,3.06
344,1275186901000,52.8342475,4.8206311,-11,20.4,6.3,4.8,-0.3,-0.03,0.18,20,0,6,4.8,3.25
344,1275187363000,52.8278915,4.8409328,-13,19.9,3,3.3,-0.01,0.18,0.04,17.8,0,7,1.6,2.34
344,1275187830000,52.828169,4.8409116,-10,21.1,4.7,4.4,0.45,-0.08,-0.39,20.9,0,6,2.7,3.1
344,1275188294000,52.8279785,4.8403493,-11,22.2,2.9,3.4,0.12,0.15,0.24,20.8,0,8,1.7,2.09
344,1275188758000,52.8278246,4.8401732,-9,22.7,3.3,3.5,-0.38,0.26,-0.09,20.9,0,7,1.6,2.49
344,1275189219000,52.8281555,4.8400071,-18,23.3,6,7.1,0,0.11,0.01,17.8,0,5,4.7,0.49
344,1275189686000,52.8254577,4.8447196,-14,22.7,5.7,6.7,0.06,0.32,0.38,20.8,0,6,3.2,3.64
344,1275190151000,52.8249132,4.8446345,-20,23.2,5.5,6.2,0.31,-0.03,-1.38,21.7,0,6,3,3.25
344,1275190615000,52.8250943,4.8464209,-19,23.4,5.8,6.6,-0.07,-0.11,-0.26,21.8,0,6,2.5,3.52
344,1275191090000,52.8245163,4.8459707,-16,23.3,4.4,3.9,-0.11,0.18,0.2,32.7,0,5,2.8,1.28
344,1275191559000,52.8237913,4.845225,-17,23.8,4,6.1,0.07,-0.12,-0.09,21.8,0,6,2.7,3.42
344,1275192021000,52.8025526,4.8411284,6,20.7,4.5,6.9,7.27,-2.99,-5.91,19.7,0,6,2.8,3.44
344,1275192488000,52.7927375,4.8394355,-18,22.3,4.9,9.8,-0.23,-0.4,-0.09,22.7,0,5,4,3.47
344,1275192950000,52.7927419,4.8394577,-9,23.1,4.3,6.8,-0.12,0.16,-0.31,20.7,0,6,2.7,2.74
344,1275193419000,52.7926903,4.839427,0,24.3,3.7,5.9,0.02,0,0.01,25.7,0,6,3.7,0.29
344,1275193895000,52.7927387,4.8394498,-4,25.5,4.1,5.7,-0.24,0.05,-0.18,37.4,0,6,3.2,3.39
344,1275194356000,52.7927062,4.8394496,0,27.3,6,7.1,0.27,-0.15,0.11,18.7,0,5,3.5,3.7
344,1275194958000,52.7717082,4.8483497,2,23.1,5,5.8,-0.02,0.09,0.27,155.5,0,6,2.9,3.01
344,1275195416000,52.7714543,4.8485737,2,25.8,4.9,6.1,0.07,-0.06,-0.43,22.5,0,6,2.5,2.85
344,1275195870000,52.7714323,4.8481065,0,27.2,6,9.5,0.02,-0.28,0.17,12.7,0,4,4.5,3.58
344,1275196327000,52.7714337,4.8473099,-2,27.2,6.2,5,0.19,-0.17,0.17,21.6,0,6,2.9,3.14
344,1275196780000,52.7710774,4.8473931,0,27.5,9.4,7.4,0.89,-0.07,0.2,10.6,0,5,4.3,4.54
344,1275197241000,52.7667469,4.8293279,-7,23.4,6.6,6.4,-9.19,-0.32,5.96,23.4,0,6,3.4,3.32
344,1275197702000,52.7666935,4.8276236,-5,23.9,8.9,7,0.12,-0.31,0.19,20.5,0,5,4,4.1
344,1275198180000,52.7668136,4.8267557,-4,24.4,8.6,5.4,0.4,-0.35,-0.03,21.5,0,6,3.6,3.91
344,1275198657000,52.7663959,4.8272919,-1,25.5,7.6,4.8,0.21,-0.04,-0.14,31.4,0,5,5.2,0.49
344,1275199129000,52.7658236,4.8274805,-9,25.8,11.4,8,-0.13,-0.44,-0.07,23.4,0,6,4.7,4.2
344,1275199636000,52.7624144,4.8250047,-6,24.4,9.6,14.4,0,-0.06,0.01,65.9,0,5,7.9,1.19
344,1275200134000,52.7598171,4.8466465,37,24.4,6.8,5.9,2.97,15.03,-3.26,52,0,5,3.2,4.68
344,1275200607000,52.7654174,4.8796682,0,22.9,5.8,4.8,0.14,0.21,-0.06,29.4,0,6,3.2,0.41
344,1275201072000,52.7406342,4.9287063,2,20.7,9.5,15.3,-1.2,-7.29,1.29,30.2,0,5,6.5,9.06
344,1275201541000,52.7409213,4.9282366,21,24,33.7,20,-0.12,0.4,0.09,35.2,0,5,19.8,0.87
344,1275202013000,52.7214333,4.9552508,-4,22,4.3,4.5,0.53,0.47,-0.13,27.3,0,6,2.3,2.95
344,1275202477000,52.6939632,4.9848572,-3,21.2,8.1,6.3,0.14,-0.05,-0.08,27.2,0,5,4.6,0.53
344,1275202925000,52.6930561,4.9843246,-2,24.9,4.3,6.7,6.97,-0.48,-5.69,11.4,0,6,2.5,2.79
344,1275203373000,52.6921392,4.9844519,-6,25.9,4.6,8.1,0.15,0.09,-0.1,11.4,0,5,3.4,3.12
344,1275203831000,52.6920113,4.9840467,-16,25.9,5.2,9.2,0.28,-0.2,0.7,21.3,0,6,3.4,3.7
344,1275204307000,52.6923078,4.983733,-9,24.8,3,5.9,-0.05,-0.02,0.05,33.2,0,6,3,0.27
344,1275204776000,52.6927514,4.9823345,-5,23,3.8,5.7,-0.25,-0.05,0.21,22.2,0,5,2.7,2.74
344,1275205239000,52.6924945,4.9829785,-27,21.7,6.8,9.6,0.26,0.19,0.94,21.1,0,4,4.4,3.92
344,1275205701000,52.6920631,4.9844836,-8,21.3,3.8,4.7,-0.01,-0.21,0.23,19.2,0,6,2.1,2.49
344,1275206167000,52.6919802,4.9840756,-8,22.2,4.4,4.3,0.03,-0.02,-0.11,21.1,0,5,2.2,2.82
344,1275206624000,52.6918482,4.9837522,-11,23.1,5.6,4.5,0.26,0.23,0.2,14.2,0,5,2.8,3.32
344,1275207069000,52.691881,4.9840668,-11,24.5,7.6,5.2,-0.32,-0.17,-0.4,11.2,0,5,3,4.8
344,1275207528000,52.6917773,4.9836751,-13,24.3,7.5,5.3,-0.18,-0.17,0,22.1,0,5,3.3,3.38
344,1275207992000,52.692615,4.9840037,-12,24.9,9.6,6.2,0.27,-0.21,-0.23,22,0,5,3.6,4.12
344,1275208486000,52.693432,4.9848435,-10,25.3,8.3,6.6,0.25,0.02,-0.16,51.8,0,5,5.1,0.5
344,1275208960000,52.6920388,4.9821466,-15,25.6,6.8,6.1,-0.08,0.18,0.03,29.9,0,5,3.8,1.34
344,1275209436000,52.6919154,4.9825305,-13,24.9,5.7,4.8,-0.11,0.11,0.18,41.9,0,6,2.6,3.47
344,1275209903000,52.6919566,4.9828149,-19,24.5,6.1,6.5,-0.04,-0.05,0.06,29,0,5,3.5,0.46
344,1275210360000,52.6921984,4.9825813,-11,23.6,4.5,4.2,-0.37,-0.14,-0.09,21.9,0,7,2.2,2.62
344,1275210822000,52.6940028,4.9825399,-11,23,4.9,4,0.03,0,0.05,20,0,6,2.7,3.09
344,1275211402000,52.6941049,4.9852584,-15,17.8,12.3,13.8,-0.29,-0.09,0.21,134.8,0,5,5.2,2.9
344,1275211862000,52.6940982,4.985176,-11,20.1,4.5,4.2,0.05,-0.03,0,19.9,0,7,2,2.55
344,1275212327000,52.6941041,4.9851289,-11,21,5.6,6.6,-0.22,-0.25,0.13,20.9,0,6,2.3,3.93
344,1275212835000,52.6940954,4.9851698,-8,24,6.6,14.5,0.25,0.15,0.28,48.6,0,5,5.5,2.41
344,1275213346000,52.6658068,4.9918552,-12,18.9,9.1,16.5,7.24,-4.5,-6.76,63.5,0,5,4.9,5.58
344,1275213833000,52.6655854,4.9916454,-9,23.1,7.3,11.2,0.05,0.12,0.24,38.7,0,4,23.7,1.03
344,1275214304000,52.642569,4.9884118,2,18.8,4.3,8.6,10.02,11.92,-10.04,29.8,0,5,3.6,3.72
344,1275214757000,52.6480425,5.0043343,-9,18.4,4.7,8,0.26,-0.05,0.22,18.7,0,5,3.5,3.08
344,1275215225000,52.6475976,5.0044695,-16,21.7,8.5,9.8,0.4,-0.15,0.18,22.7,0,4,4.1,4.63
344,1275215685000,52.6480437,5.0044339,-10,25.1,6,10.8,0.22,-0.01,0.48,18.6,0,4,4.8,3.75
344,1275216155000,52.6486151,5.0048885,-1,25.7,3.9,9.6,-0.21,0.29,-0.54,24.7,0,5,4.3,2.59
344,1275216634000,52.6485801,5.0041722,-7,25.5,3.4,5.8,0.03,-0.29,-0.03,39.5,0,6,2.7,1.76
344,1275217100000,52.6490116,5.0039867,-14,25.4,5.8,8.4,-0.22,-0.24,-0.2,25.7,0,6,3.7,3.27
344,1275217549000,52.6482756,5.0037284,-15,25,6.6,10.9,0.31,0.08,0.17,10.8,0,5,4.4,4.28
344,1275218009000,52.6481568,5.0044329,-15,25.7,5.1,8.5,0.01,-0.21,-0.04,22.6,0,5,3.8,1.14
344,1275218471000,52.6483751,5.0041381,-6,27.3,7.8,12.4,0.87,-0.06,0.39,20.5,0,5,4.9,3.82
344,1275218935000,52.6489072,5.0041866,-12,28.5,6.4,10.4,-0.08,-0.04,-0.24,20.6,0,5,4.4,3.72
344,1275219403000,52.6707851,5.0017147,8,20.2,6.7,9.5,-2.97,-4.13,3.97,24.6,0,5,4.1,4.82
344,1275219882000,52.6818373,5.0117251,-1,22.1,6.2,8.4,0.23,-0.46,0.33,39.4,0,6,3.9,3.27
344,1275220348000,52.6818856,5.0114912,-4,26.3,12.3,12.6,0.07,-0.19,0.21,25.5,0,5,10.5,0.5
344,1275220821000,52.6903463,4.9939357,5,21.5,8,9,5.48,-8.2,-2.81,34.4,0,6,3.1,5.37
344,1275221287000,52.6933767,4.9821146,-7,21.6,4.3,5,0.58,-0.02,0.06,20.4,0,8,2.3,2.52
344,1275221757000,52.6939954,4.9825934,-14,25.1,5.6,5.2,-0.01,0.37,0.02,26.5,0,6,3.6,0.58
344,1275222205000,52.694217,4.982641,-2,24.1,6.9,9.8,-0.18,-0.21,-0.07,10.6,0,5,4.4,3.68
344,1275222664000,52.6942399,4.9825606,-25,24.7,4.9,8.9,-0.04,-0.02,-0.03,21.5,0,5,7.3,0.61
344,1275223129000,52.6932861,4.9841619,-11,23.3,5.8,4.6,0.07,-0.01,0.03,22.4,0,6,2.4,3.39
344,1275223592000,52.6931215,4.9844006,-11,22.8,5.1,4.3,0.27,-0.02,-0.21,21.3,0,6,2.3,3.04
344,1275224065000,52.6934924,4.9843953,-15,23.7,4.2,4.3,-0.33,-0.15,-0.15,30.3,0,6,2.3,1.34
344,1275224509000,52.6931697,4.9840988,-13,24.8,4.8,4.2,0.13,-0.03,-0.12,10.5,0,6,2.4,2.69
344,1275224963000,52.6931464,4.9842426,-16,26.3,4.9,4.5,-0.35,-0.02,-0.05,16.5,0,6,2.4,2.99
344,1275225435000,52.6935564,4.9841373,-15,24.5,5.1,4.9,0.08,0.14,0.31,24.3,0,6,2.4,3.06
344,1275225896000,52.6937292,4.984166,-19,25.7,4.7,4.7,0.26,0.02,-0.26,21.3,0,6,2.5,0.52
344,1275226350000,52.69327,4.9843096,-14,25,5.1,5.1,-0.21,-0.17,-0.07,11.3,0,6,2.5,3.31
344,1275226807000,52.6928683,4.9838839,-12,24.7,5.1,4.9,0.01,-0.09,-0.14,20.2,0,6,2.5,2.98
344,1275227276000,52.6935143,4.9842051,-25,25.1,9.2,16.9,-0.02,0,-0.02,25.2,0,5,11.4,0.54
344,1275227753000,52.6936359,4.9843799,-33,24.4,10.5,17,0.34,-0.02,-0.11,38.1,0,5,11.2,0.7
344,1275228220000,52.6934275,4.9840852,-24,26.6,10.3,16.4,0.3,-0.11,-0.07,25.1,0,5,11.1,0.6
344,1275228697000,52.6934477,4.9838903,-9,28.2,3.6,4.1,-0.01,-0.06,0.13,38.1,0,7,2,1.26
344,1275229158000,52.7131186,4.9739746,7,21.5,6,7.3,-2.35,-6.26,2.47,19.2,0,5,3.2,3.82
344,1275229631000,52.7384684,4.958895,0,20,13,21.2,-5.45,-3.96,5.01,28,0,4,14.2,6.45
344,1275230098000,52.7697482,4.9400223,9,18.8,6.1,5.8,-7.77,-0.28,4.15,31.1,0,6,2,4.11
344,1275230567000,52.8012999,4.9128006,19,18.7,7.9,8.6,-10.2,4.28,6.73,20.1,0,6,3,4.11
344,1275231051000,52.8415289,4.8929001,24,18.2,10.9,12.1,-8.67,-1.8,6.64,39.9,0,5,3.5,3.81
344,1275231526000,52.8772425,4.890226,-7,18.2,3.6,4.5,-3.78,-6.44,4.02,34.9,0,5,2.1,0.79
344,1275232020000,52.8990933,4.840952,3,18.5,5.2,6,-3.15,-6.39,2.64,48.8,0,4,19.4,2.81
344,1275232482000,52.9266229,4.7961273,7,17.3,5.9,7.8,-9.51,-4.63,6.78,15.1,0,5,3.4,3.88
344,1275232961000,52.9571437,4.774878,25,16.2,13.7,12.8,-6.97,1.01,5.17,29.9,0,4,5.2,5.26
344,1275233432000,52.9789981,4.7667136,-4,15.7,7.7,7.6,-4.59,-0.68,4.38,36.8,0,4,6,5.77
344,1275233896000,53.0036989,4.7486394,0,15.1,7.5,8,1.55,-11.81,-2.51,21,0,5,2.8,4.4
344,1275234418000,53.0082587,4.7181238,6,16.7,10.7,10.7,-0.1,0.02,-0.02,30.9,0,4,8.7,0.47
344,1275235662000,53.0082622,4.7181302,0,23,3.6,4.4,-0.19,0.13,-0.07,42.7,0,7,2.1,2.52
344,1275236874000,53.0082701,4.7181146,-2,24,3.6,5,0.25,-0.13,0.11,22.9,0,6,2.3,2.67
344,1275238078000,53.0082706,4.7181069,-1,23.6,4.7,9.6,-0.33,-0.31,0,10.9,0,5,4.2,3.64
344,1275239430000,53.0082595,4.7181243,0,23.9,4.4,7,0.24,-0.06,0.33,18.7,0,5,3.2,3.17
344,1275240650000,53.0082713,4.7181269,-1,23.4,5.3,5.7,0.24,-0.04,0.21,22.7,0,5,3.1,3.19
344,1275241871000,53.0083037,4.7181219,0,23.6,8.2,7.1,-0.01,0,-0.01,27.6,0,5,4,0.44
344,1275243114000,53.0082639,4.7180931,0,23.7,3.7,4,0.1,0,0.03,54.3,0,5,2.4,0.52
344,1275244343000,53.0082939,4.7180797,-6,23.6,6.4,10,0.09,0.02,0.05,35.4,0,5,2.5,3.2
344,1275245582000,53.0083111,4.7180661,-15,24,6.8,13,0,0,0.01,42.3,0,5,2.6,0.76
344,1275246816000,53.0082454,4.7181172,4,24.5,3.8,5.9,-0.24,0.06,-0.05,44.3,0,7,2.4,2.85
344,1275248034000,53.0082509,4.7181271,0,24.3,3.6,6.5,0,0,-0.13,30.4,0,6,3.4,2.97
344,1275249245000,53.0082379,4.7181498,0,23.8,3.7,7.1,0.01,-0.39,0.19,25.3,0,6,3.1,3.02
344,1275250461000,53.0082535,4.7181499,-1,24,3.9,5.5,0.44,0.13,0.37,25.3,0,6,2.5,3.06
344,1275251676000,53.0082686,4.7181797,-6,23.9,8.7,9.9,0.54,-0.14,0.25,24.2,0,5,4.8,3.96
344,1275252906000,53.0082565,4.7181534,0,23.8,5.8,5.8,0.05,-0.01,0.07,38,0,6,3.4,6.58
344,1275254123000,53.0082534,4.7181388,-4,24.6,5.9,7.9,0.27,0.23,-0.05,23,0,6,3.8,3.47
344,1275255327000,53.0082401,4.7181289,-8,24.5,6.3,11.5,-0.38,-0.13,-0.47,11.2,0,6,4.9,4.1
344,1275256548000,53.0082305,4.7181142,-8,25,6,12.4,0.06,0.04,0.06,32,0,6,6.8,0.48
344,1275257768000,53.0082233,4.7181594,-2,24.8,5.2,8.2,0,0,0.01,20,0,6,5.3,0.4
344,1275258990000,53.0081738,4.7182765,5,25.1,8.4,7.4,0.32,0.3,0.41,25.9,0,6,4.4,4.04
344,1275260214000,53.0081655,4.7183041,4,24.9,7.7,5.2,0,0,0,33.7,0,6,4.3,0.4
344,1275261435000,53.0081658,4.7183221,3,24.5,9.8,7.6,0.01,0.02,0.02,22.7,0,6,5.8,0.7
344,1275262664000,53.0082664,4.7182178,18,24.9,19.7,11.7,0.15,0.17,0.15,35.6,0,4,14.2,0.7
344,1275263897000,53.0081511,4.718625,38,25.8,17.5,16.8,0.09,0.12,0.07,36.6,0,6,5,1.42
344,1275265152000,53.0082531,4.7181382,6,25.4,2.5,4.4,0.18,-0.02,0.02,59.4,0,9,1.9,2.37
344,1275266362000,53.0082797,4.7181587,2,24.9,3.6,6.9,-0.02,0.17,0.22,21.6,0,6,3,2.95
344,1275267567000,53.0082424,4.7181549,5,23.9,4.9,8,-0.85,-0.34,-0.19,10.6,0,6,3.5,3.46
344,1275268774000,53.0082364,4.7181529,3,24.4,5.3,7.8,0.3,0.13,0.19,17.6,0,6,3.6,3.1
344,1275269984000,53.0082168,4.7181427,-9,24.9,4.2,6.8,-0.58,-0.15,-0.74,11.6,0,6,2.4,2.77
344,1275271195000,53.0082328,4.7181458,-2,25,3.4,4.3,0.16,-0.25,0.2,22.4,0,6,1.9,2.55
344,1275272412000,53.0082319,4.7181285,-4,25.2,3.7,4,0.39,0.2,0.11,23.3,0,5,2,2.82
344,1275273662000,53.0081681,4.7181923,-7,26.5,9.4,6.4,-0.01,-0.02,0.03,25.3,0,5,1.8,0.63
344,1275274902000,53.0081876,4.7181475,-2,26.1,7.4,5.5,-0.01,0.02,0.48,49.1,0,5,3.5,3.9
344,1275276136000,53.008212,4.7181065,-2,26.3,5.3,7.9,-0.01,0,0,35,0,6,2.1,0.39
344,1275277370000,53.0081951,4.7180906,2,26.6,3.9,9.3,0.03,0,0.03,36.9,0,5,6.1,0.45
344,1275278591000,53.0081823,4.7181175,5,26.6,4.8,10.8,0.16,-0.08,0.73,26.1,0,5,4.7,3.8
344,1275279844000,53.0082169,4.7181044,3,25.4,2.4,3.6,0.01,0,0.01,62.7,0,7,2.3,0.22
344,1275281067000,53.0082393,4.7181089,2,25.7,3,4.4,-0.41,0.01,-0.28,22,0,8,2,2.5
344,1275282274000,53.0082431,4.7181352,1,26.1,3.1,3.6,-0.18,-0.13,-0.25,13.1,0,7,1.7,2.31
344,1275283474000,52.9929175,4.8016755,0,18.7,5.9,5.4,-2.2,13.08,0.19,13,0,5,2.4,3.94
344,1275283939000,52.9914463,4.8723371,-2,18.2,11.3,12.6,-1.67,11.33,-0.43,29.8,0,4,6.5,5.52
344,1275284400000,52.9865499,4.946547,-6,18.3,11.3,9.3,-5.28,11.11,-0.91,26.8,0,5,4.8,5.97
344,1275284867000,52.990462,4.9429491,2,16.6,8.7,5.8,-0.09,-2.83,1.18,29.7,0,5,5.7,3.4
344,1275285331000,52.9931545,4.9375311,11,16.3,36.8,29.5,-0.07,0.06,-0.29,29.7,0,4,7.6,9.07
344,1275285794000,52.9808047,4.9438839,-1,17.4,15.7,15.2,1.85,-7.46,0.82,28.7,0,4,8.6,6.06
344,1275286352000,52.9735237,4.9451441,6,16.5,16,18.2,2.39,-3.05,1.15,121.7,0,4,9.7,5.67
344,1275286826000,52.9400938,4.9798856,20,17.1,15.1,16.9,14.89,7.53,-11.44,36.6,0,4,10.3,3.83
344,1275287316000,52.9344176,4.9964134,0,18.3,4.3,4.7,0.08,0.21,0,46.4,0,7,2,2.78
344,1275287787000,52.935639,5.0052287,-1,16.9,4.6,7.8,-0.21,-2.36,-0.36,21.7,0,6,3.3,1.63
344,1275288244000,52.9356156,5.0030957,-3,16.9,6.8,8.8,0.43,-6.15,-2.05,14.8,0,5,4.1,3.62
344,1275288712000,52.9473358,4.9871527,-8,16.2,4.6,8.1,-0.4,1.53,-0.66,18.7,0,6,3.1,4.61
344,1275289181000,52.9476883,4.9829207,-2,17.8,5.4,8,-1.41,1.55,2.64,23.5,0,6,3.5,3.85
344,1275289637000,52.9348083,5.0215505,13,16.9,5.5,8.1,-1.23,1.07,2.01,15.7,0,5,3.9,0.72
344,1275290115000,52.9455047,5.0393421,-3,17.6,4.1,10.6,-0.48,0.1,-0.44,29.5,0,5,4,1.22
344,1275290571000,52.9455088,5.039314,-2,20.6,4.4,8.2,0.36,0.16,0.05,21.6,0,5,3.5,3.39
344,1275291035000,52.9456378,5.0391133,-6,22.4,4.6,10.3,-0.06,-0.13,-0.12,21.6,0,5,4.8,3.77
344,1275291503000,52.9456804,5.0390897,-4,23.1,2.2,4.6,0.03,0,0,25.4,0,7,2.5,0.32
344,1275291962000,52.9456214,5.0390182,8,23.5,5.1,8.8,-0.01,-0.01,0.01,20.5,0,5,5.7,0.35
344,1275292426000,52.9456992,5.0390782,-7,23,4.4,6.1,0.01,-0.01,0.01,20.5,0,5,2.7,0.46
344,1275292890000,52.9473864,5.0302016,-7,21.5,3.6,5.5,-3.84,-7.55,3.28,20.5,0,7,2.1,2.65
344,1275293390000,52.9555094,5.0445806,-26,18.7,5.6,10.7,-3.06,0.3,2.02,56,0,5,6.3,1.47
344,1275293849000,52.9487629,5.042984,0,18.4,10.3,6.7,12.46,-9.66,-8.25,19.4,0,5,4.2,5.31
344,1275294316000,52.9455552,5.0395412,-23,21.2,9.6,8.9,-0.56,0.38,0.06,22.3,0,5,4.5,4.56
344,1275294800000,52.9452091,5.0392955,9,23.8,27.2,27.4,0.86,-0.29,0.28,42.2,0,4,13.9,3.72
344,1275295259000,52.9455057,5.0394606,-13,25,7,7.3,-1.27,-0.71,0.11,21.3,0,6,3,3.89
344,1275295760000,52.9454381,5.0394938,-10,25.5,4.7,5,0.04,-0.02,0.01,58,0,6,2.9,0.36
344,1275296226000,52.9454763,5.039431,-14,25.3,5.6,4.1,1.52,-0.8,0.6,28.3,0,5,2.8,1.35
344,1275296689000,52.945441,5.0394641,-10,25.7,4.6,3.7,0.04,-0.13,0.04,27.2,0,5,2,2.83
344,1275297159000,52.9453294,5.0391548,11,26.6,13.8,11.3,0.02,-0.02,0,33.2,0,4,9.3,0.66
344,1275297653000,52.9453247,5.0391741,9,27.4,14,10.6,0.21,-0.17,0.07,31.2,0,4,9.2,0.56
344,1275298135000,52.9454287,5.0388919,7,29,14.5,9.9,0.23,-0.14,0.04,33.2,0,4,8.9,0.7
344,1275298650000,52.9453535,5.0389644,39,30.2,11.5,6.4,5.87,-2.17,2.89,67.8,0,6,2.9,8.55
344,1275299111000,52.9455362,5.0391817,-6,32.2,5.3,7.4,0.36,-0.28,0.25,17.2,0,5,3.4,3.45
344,1275299572000,52.9455375,5.0391926,-1,34,4.8,6.3,-0.01,0.04,0.15,14.2,0,6,3,3.38
344,1275300036000,52.9455548,5.039193,-1,32.9,6.3,7.4,-0.29,0.03,-0.51,30.1,0,5,3.3,3.28
344,1275300485000,52.9452411,5.0510238,2,26.5,7.8,10.2,0.38,3.65,-0.62,15.3,0,5,3.9,4.98
344,1275300949000,52.9442678,5.0475145,1,26.4,4.4,7.5,0.26,-0.34,0.05,15.2,0,6,3.2,2.98
344,1275301414000,52.9460002,5.0386009,2,33.1,4.2,8.4,-4.4,-6.72,3.47,16.2,0,6,3.7,3.03
344,1275301896000,52.9756658,5.0228971,-7,22.8,4.4,8.5,-5.23,10.46,1.79,34,0,6,3.5,4.09
344,1275302364000,52.9840668,5.0767339,-5,22.4,5.3,7.8,2.93,12.27,-2.25,22,0,5,3.2,4.05
344,1275302828000,52.9871839,5.1389835,-3,22.4,5.3,14,2.93,12.23,-3.84,22,0,5,3.9,5.3
344,1275303296000,53.0077458,5.1814652,-4,22,17.3,11,-4.94,5.59,3.33,26,0,5,3.2,4.4
344,1275303765000,53.0312165,5.2107056,-5,22.1,9.9,5.7,-5.33,5.14,3.85,31,0,5,3.2,4.05
344,1275304245000,53.0452515,5.2529826,-8,22.4,9.1,6.9,-4.7,5.84,2.99,30.9,0,5,3.2,6.7
344,1275304717000,53.0666721,5.2942009,-2,22.1,11.6,8.4,-3.98,5.98,3.12,22.9,0,5,3.4,4.21
344,1275305189000,53.0794272,5.2838823,-17,22.6,18.2,12.8,3.16,3.02,-2.74,30.9,0,4,9.9,5.46
344,1275305670000,53.0737281,5.2763854,-12,21.1,17.2,21.1,-1.4,-0.63,-0.71,31.9,0,4,10,5.41
344,1275306139000,53.066428,5.2718881,-14,18.4,15.5,9.3,8.36,11.66,-7.46,20.9,0,4,6.2,7.38
344,1275306602000,53.0599977,5.2830572,-4,17,7.2,8.4,-0.51,0.36,-0.36,19.8,0,5,3.7,4.4
344,1275307086000,53.0601129,5.2831087,-9,26.7,8.7,6.7,-0.3,0.2,-0.25,39.7,0,6,4,2.14
344,1275307572000,53.0600733,5.2831573,-15,32.2,12,8.7,-0.23,0.31,-0.55,45.6,0,5,9.8,1.45
344,1275308043000,53.0600723,5.2832133,-18,33.8,12.7,9.6,0.11,-0.11,0.14,36.7,0,5,9.5,0.63
344,1275308528000,53.0611533,5.2829836,-4,29.8,15.4,12.4,0.14,-0.11,0.04,41.7,0,6,8.8,0.89
344,1275308991000,53.0611761,5.2830609,-12,32.2,22.1,18.9,0.23,-0.16,0.07,24.8,0,6,12.4,1.41
344,1275309458000,53.0650129,5.290403,-12,27.6,28.4,27.3,0.68,-0.4,0.24,27.7,0,6,17.3,0.91
344,1275309933000,53.0650328,5.2904575,-17,31.6,28,29.6,-0.13,0.08,-0.06,38.6,0,6,20,0.98
344,1275310422000,53.0650198,5.2904034,-10,32.8,22.9,26.6,-0.02,-0.07,0.01,47.6,0,6,18.1,1.44
344,1275310897000,53.0649763,5.290294,-3,32.7,19.1,24.4,0.14,-0.05,0.07,26.7,0,6,15,0.98
344,1275311359000,53.074177,5.3065054,-25,24.7,16.8,23.1,-6.52,-4.92,4.71,24.6,0,6,12.1,4.34
344,1275311830000,53.1041252,5.3081343,-3,21.3,14.5,20.5,-2.34,1.17,2.51,31.6,0,6,9.6,4.93
344,1275312300000,53.0691745,5.3012032,3,20.2,11.7,16.8,5.89,-12.72,-3.34,21.5,0,6,7.7,2.32
344,1275312771000,53.0686314,5.2987766,-11,25.3,6.6,9.5,0.01,0,0,28.6,0,6,6.3,0.66
344,1275313227000,53.0656541,5.2915352,-7,26.3,5.8,8,0.03,0,0.01,20.6,0,6,5.4,0.36
344,1275313738000,53.0213197,5.2060631,0,22.4,7.4,9.6,3.35,-12,-2.3,67.1,0,6,4.7,12.87
344,1275314208000,53.0344317,5.1367531,-10,21.4,8.4,9.7,-1.16,-10.2,3.1,25.5,0,6,4.3,4.87
344,1275314667000,53.0414538,5.0805765,-11,21.3,8.7,9.2,-4.08,-9,3.41,20.5,0,5,4.5,5.04
344,1275315199000,53.0416819,5.054502,-18,19,10.2,12.9,1.85,5.61,-3.72,87.9,0,5,4.3,5.43
344,1275315764000,53.040743,5.0743151,-5,18.1,50.2,30.5,-1.76,0.39,1.09,124.5,0,4,13.5,10.81
344,1275316217000,53.0455844,5.057542,-14,18.3,11.5,6.9,-4.51,-7.17,3.55,18.5,0,5,4.2,4.48
344,1275316673000,53.0422063,4.9898247,-12,19.5,7.3,6.8,0.01,0.12,0.06,10.6,0,5,3.8,3.38
344,1275317132000,53.04223,4.9898478,-12,22,9.3,6,0.01,-0.02,0.01,21.4,0,5,4.6,0.82
344,1275317620000,53.0447251,4.9954424,-15,22.9,8.3,6.8,-4.12,7.73,2.57,45.2,0,5,3.9,4.78
344,1275318127000,53.0417567,4.9789805,-16,20,10.9,7.9,-0.91,-12.21,0.5,71.9,0,5,2.5,4.36
344,1275318724000,53.0404136,4.8713835,-5,19.8,10.4,10.2,-2.84,-8.23,2.13,156.1,0,5,5,2.86
344,1275319225000,53.0227714,4.7922793,49,19.7,13.8,16.4,-1.2,-2.47,3.65,65.8,0,6,4.7,1.48
344,1275319692000,53.0043354,4.7336594,31,18.6,9,10.9,5.02,-14.99,-4.47,21.2,0,6,4.5,4.04
344,1275320161000,53.0082705,4.7181117,-2,22.4,6.1,8.4,0.03,0,0.01,26.3,0,6,3.2,2.67
344,1275321442000,53.0082399,4.7181392,1,24.6,6.6,10,0.49,-0.06,0.2,11.4,0,6,3.9,3.73
344,1275322644000,53.0082526,4.7181492,-1,25.6,6.2,8.6,-0.55,-0.02,-0.45,13.3,0,5,4.1,3.88
344,1275323867000,53.0082301,4.7181349,2,24.8,5,6.8,0.03,0,0.03,36,0,4,5.6,0.35
344,1275325092000,53.0082458,4.7181435,1,25.2,4.3,7.9,0.06,-0.1,0.2,29.1,0,5,3.6,3.2
344,1275326309000,53.0082685,4.7181215,1,23.9,4.9,5.4,-0.08,0.01,0.25,30,0,5,2.6,3.34
344,1275327524000,53.0082244,4.7181425,-3,23.5,6.5,7.8,0.04,0.03,0.15,29,0,5,2.5,3.8
344,1275328752000,53.0082519,4.7180902,4,23.7,3,3.4,-0.01,-0.08,-0.02,40.8,0,8,1.5,2.04
344,1275329967000,53.0082524,4.718133,-1,24.2,7.5,4.9,0.41,0.29,0.33,23.8,0,4,3.4,4.05
344,1275331204000,53.00826,4.7181243,0,23.7,3.1,4,0,0,0.01,44.7,0,6,2.1,0.31
344,1275332416000,53.0082449,4.7181125,0,24,3.5,5.6,-0.01,0.07,-0.15,24.8,0,6,2.3,2.8
344,1275333630000,53.0082339,4.7181256,-1,23.8,3.4,5.6,0.12,0.2,-0.02,22.7,0,6,2.2,3.07
344,1275334866000,53.0082382,4.7181229,2,22.9,2.9,4.7,0.1,-0.07,0.41,42.5,0,9,1.8,2.46
344,1275336090000,53.0082353,4.718124,1,26.2,3.2,5,-0.12,0,0.19,34.5,0,6,2.4,2.77
344,1275337314000,53.0082104,4.7181518,1,27.1,3.2,3.8,0.18,0.18,-0.17,26.6,0,7,1.7,2.46
344,1275338556000,53.0082121,4.718114,4,25.2,7.4,4.7,-0.23,-0.09,0.11,52.3,0,5,3,3.73
344,1275339779000,53.0082374,4.7181702,5,24.1,6.7,7.4,0.23,-0.43,-0.29,27.4,0,5,3.5,4.12
344,1275340979000,53.0082275,4.7181635,7,22.7,5.8,10.7,-0.09,0.12,0.02,11.5,0,5,4.4,4.26
344,1275342180000,53.008239,4.7181318,3,22.6,4.8,8.2,-0.46,-0.17,-0.64,12.5,0,6,3.3,3.58
344,1275343380000,53.0082633,4.7180957,6,22.8,4.5,10.6,-0.13,0.12,-0.22,12.4,0,5,4.1,3.62
344,1275344587000,53.0082443,4.7181431,-3,23.1,4.1,9.6,-0.1,0.04,-0.14,19.3,0,5,3.7,3.28
344,1275345805000,53.008255,4.7181322,3,23.8,4.9,9.1,0.19,-0.04,0.15,21.2,0,5,3.8,3.22
344,1275347024000,53.0082408,4.718155,-1,23.2,7.1,9.9,0.28,0.12,0.04,24.2,0,5,4.3,3.68
344,1275348256000,53.008265,4.7181716,14,23.6,6.5,11.3,-0.03,-0.02,-0.04,38.7,0,6,3.7,0.57
344,1275349482000,53.0082586,4.7182045,13,23.2,5.1,8.3,0.02,0.02,0.04,33.9,0,6,5.5,0.4
344,1275350707000,53.0082669,4.7181377,4,23.3,4.9,4.5,-0.02,0,-0.02,26.9,0,6,2.7,0.25
344,1275351935000,53.0082512,4.7181409,4,23.5,2.8,3.9,-0.01,0,0,38.8,0,4,16.1,0.83
344,1275353151000,53.0082658,4.7181575,7,24.2,2.7,6.9,0.13,-0.06,0.36,22.9,0,7,2.9,2.64
344,1275354380000,53.0082557,4.7181581,2,24.6,2.8,6,0.15,0.01,0.19,25.8,0,7,2.5,2.51
344,1275355599000,53.0082318,4.7181254,-3,24.4,3.7,6.6,0.16,0,0.41,22.8,0,6,2.9,2.88
344,1275356809000,53.0276704,4.7640031,8,14.7,3.7,4,-5.66,7.57,4.23,16.9,0,6,1.8,2.78
344,1275357282000,53.0400083,4.7818786,-21,16.8,15.5,9,-0.36,0.7,-0.26,25.7,0,4,9.7,1.6
344,1275357784000,53.039916,4.781843,-14,18.8,5,6.5,-0.46,-0.06,0.2,63.4,0,5,3.8,0.57
344,1275358291000,53.0389672,4.7823627,-11,18.9,3.6,3.3,-0.43,0.14,0.29,58.4,0,5,4.7,0.33
344,1275358746000,53.0334405,4.8002185,-8,19.4,6.6,8.6,0.01,-0.24,-0.05,17.6,0,4,4.3,3.76
344,1275359227000,53.0331799,4.7997554,-8,23.8,4.1,3.2,0.07,-0.02,0.01,34.5,0,6,4.8,0.71
344,1275359707000,53.0253175,4.8525185,21,18.7,7.2,5.5,11.81,-5.1,-6.98,34.4,0,6,3,3.86
344,1275360173000,53.0133108,4.8177177,-9,17.7,5.7,4.5,-2.97,-0.86,1.68,20.6,0,5,1.8,3.95
344,1275360641000,52.9993332,4.8551128,-1,16.1,11.3,8.2,-1.83,1.11,1.76,24.6,0,5,4.8,5.31
344,1275361122000,53.0166367,4.8890304,-3,17,8,6.5,-6.52,6.31,3.85,41.3,0,4,8.3,2.72
344,1275361592000,53.0186209,4.8929044,-11,21.3,5.7,7.6,-0.06,0.01,-0.03,31.5,0,4,5.4,0.44
344,1275362082000,53.0191677,4.8937255,-7,21.7,2.6,3.3,-0.03,0.06,-0.09,41.4,0,8,1.4,2.06
344,1275362542000,53.0207757,4.8943791,-7,23.3,9.6,6.5,-5.71,5.77,2.82,21.5,0,5,4,5.45
344,1275363002000,53.0466021,4.9432641,-6,17.6,8.1,6.4,-6.31,7.69,4.6,17.6,0,5,3.8,4.04
344,1275363487000,53.0457599,5.0095696,-1,17.9,3.9,4.5,4.28,8.07,-1.37,22.5,0,6,1.8,3.09
344,1275363955000,53.0425902,5.0219257,-15,18.9,6.2,9.3,-3.03,5.59,0.71,26.4,0,4,3.3,5
344,1275364410000,53.0392904,5.032829,-7,18.8,5.5,7.4,4.76,-8.24,-3.26,17.4,0,6,2.5,4.21
344,1275364878000,53.0517748,5.0696011,-12,18.6,5.4,8.6,-6.69,-4.02,4.29,21.3,0,4,6.9,2.62
344,1275365342000,53.0518288,5.0724247,-9,21.2,4.5,6.2,7.51,-7.72,-5.77,21.4,0,6,3.4,3.87
344,1275365796000,53.0519186,5.0723122,2,22.7,4.7,7.7,-0.1,0.15,0.16,11.5,0,6,3.4,3.35
344,1275366255000,53.0519516,5.0723687,-5,23.4,2.8,5.1,0,-0.11,0.18,20,0,7,2.2,2.47
344,1275366717000,53.0519373,5.0724164,-6,24,3.4,6.6,0.03,-0.02,0.04,20.3,0,5,8.8,0.98
344,1275367175000,53.0519125,5.0724214,1,24.8,5.1,5.5,-0.08,-0.1,0.05,14.3,0,5,3.2,3.12
344,1275367620000,53.0519,5.0724225,1,25.2,6.1,6.8,-0.48,0.11,-0.53,11.4,0,5,3.2,3.97
344,1275368068000,53.0519033,5.0724351,2,24.6,5.9,6.2,0.41,-0.1,0.15,11.4,0,5,3.2,3.62
344,1275368526000,53.0519322,5.0725403,-10,25.3,10,14.1,0.04,-0.03,0.02,21.2,0,4,10,0.6
344,1275368993000,53.0490308,5.0323527,4,21.2,8.1,9.4,0.43,7.05,-1.71,24.1,0,6,3,4.91
344,1275369467000,53.0470459,5.0346014,-8,19.4,4.4,5,0.09,0.6,-0.41,34.1,0,6,2,1.65
344,1275369937000,53.0510826,5.0696773,0,17.7,5.8,6,-6.54,5.31,4.39,24.2,0,6,2.8,3.05
344,1275370399000,53.0517969,5.0716186,-2,22.4,4.5,4.8,0.13,0.18,-0.14,22.1,0,6,1.8,2.65
344,1275370867000,53.0523098,5.0724871,0,25.2,7.4,7.5,0,0,0.04,26.1,0,6,4.2,0.41
344,1275371322000,53.0522814,5.0725084,-5,27.6,5.3,5.8,0.13,0.12,-0.09,17.3,0,6,2.8,2.92
344,1275371796000,53.0522979,5.0725516,-3,28.6,3.7,4.5,0.04,-0.04,0.15,27.1,0,6,2.6,0.6
344,1275372253000,53.0522888,5.0725901,-6,29.3,4.4,5.6,0.26,-0.08,0.02,20.1,0,6,2.7,2.87
344,1275372719000,53.0521857,5.0739124,-8,30.5,5.5,8.6,-0.33,10.91,-2.75,22,0,6,2.8,6.74
344,1275373175000,53.0414636,5.1460549,8,20.5,4.3,7.7,-2.41,10.5,0.25,14.2,0,6,3.1,3.44
344,1275373638000,53.0407531,5.1570407,0,20.1,11.3,16.1,3.39,5.96,-3.81,29,0,4,8.4,4.37
344,1275374094000,53.013994,5.19304,-6,19.6,4.1,9.4,0.03,-0.01,0.07,21,0,5,4,0.42
344,1275374578000,53.0140262,5.193086,-8,27.8,4.5,6,-0.33,0.58,-0.04,40.9,0,5,4,3.2
344,1275375038000,53.0140093,5.1930497,-13,30.2,9.2,8.2,0.5,-0.39,-0.06,21,0,5,4.5,4.47
344,1275375504000,53.0140423,5.1930913,-8,30.3,8,8.3,-0.03,0.06,-0.13,23,0,5,4.3,3.89
344,1275375961000,53.0140271,5.1930869,-11,30.7,7.8,8.8,-0.66,0.67,-0.29,16.1,0,5,4.3,3.92
344,1275376429000,53.0140283,5.1930809,-12,31.4,5.8,9.5,0.03,0.16,0.15,19.9,0,6,3.7,3.9
344,1275376894000,53.014038,5.193078,-13,32.3,4.3,9,0.35,-0.32,0.71,21,0,6,3.5,3.05
344,1275377358000,53.0139783,5.1930743,-16,33.5,6.5,6.9,-0.18,0.05,-0.09,20.9,0,6,3.5,3.01
344,1275377814000,53.0139773,5.1930835,-16,34.7,5.9,6.3,0.1,-0.01,-0.28,13,0,6,3.1,2.88
344,1275378263000,53.0175477,5.19218,-7,36.4,6.7,7.3,-6.41,-2.69,5.79,14,0,5,3.5,3.56
344,1275378732000,53.0364924,5.1527587,49,23.6,4.4,6,5.81,-9.32,-3.54,34.7,0,6,2.4,3.29
344,1275379200000,52.9991115,5.093302,55,22.1,5,5.7,7.68,-9.57,-2.62,22.8,0,6,2.2,2.82
344,1275379659000,52.9832838,5.0162991,38,21.9,6,8.3,-1.16,-11.6,0.25,17.8,0,6,2.8,4.07
344,1275380126000,52.9932724,4.9398835,3,20.6,5.9,11.1,-4.46,-10.17,3.17,20.7,0,5,5.7,3.1
344,1275380590000,53.0047593,4.8629127,11,20.7,6.2,9.8,-1.1,-11.32,0.87,20.6,0,5,5,3.04
344,1275381058000,53.0078623,4.7882353,64,21.7,5.3,9.3,5.37,5.16,-0.71,24.6,0,5,4.4,0.98
344,1275381511000,53.0053263,4.7296976,-11,22,6,8.8,3.73,-12.51,-1.9,13.8,0,5,3.9,4.06
344,1275382004000,53.0082974,4.7181192,-14,28.4,5.1,6.2,0.01,0,0,58.4,0,5,3.6,1.19
344,1275383226000,53.0083185,4.7180757,-5,38,6.4,10.1,0.29,0.13,0.12,16.6,0,5,3.2,1.22
344,1275384446000,53.0083381,4.7179886,-12,38,6.6,9.6,0.1,0.05,0.1,20.5,0,4,6.3,0.41
344,1275385664000,53.0083448,4.7179083,-16,36.3,7.9,8.4,0.03,0.02,0.02,22.5,0,4,6,0.49
344,1275386892000,53.0082981,4.7181206,13,39.6,6.6,9.9,-0.14,0.06,-0.11,34.3,0,4,4.7,3.82
344,1275388123000,53.0082709,4.7180756,-3,36.8,7.9,6.1,0.28,0.18,0.1,33.4,0,5,3.7,3.59
344,1275389382000,53.0082348,4.7181474,0,34.4,2.6,3.8,0.01,-0.06,0.04,44.2,0,10,1.5,2.17
344,1275390648000,53.0082271,4.7181321,2,33.2,2.9,4.9,0.04,0.11,0.07,14.4,0,8,2.1,2.4
344,1275391844000,53.0082365,4.7181403,-1,34.4,5.3,5.8,-0.09,-0.12,0.19,10.3,0,7,2.8,2.9
344,1275393049000,53.0082434,4.7181437,0,36,7.8,9.3,0.2,-0.34,1.01,15.3,0,6,4.7,4.39
344,1275394270000,53.0082173,4.7181509,-3,36.9,7.5,9.6,0.05,-0.04,0.07,20.1,0,6,6.8,0.75
344,1275395494000,53.008232,4.7181847,-7,38.6,25.2,19.2,0.29,-0.18,0.07,28.1,0,5,19.5,0.76
344,1275396694000,53.0082312,4.7181389,-9,35.9,3.5,4.3,0.04,0.05,0.19,12.1,0,8,1.9,2.59
344,1275397893000,53.0082684,4.7184799,-36,33.2,13.2,17.2,-0.49,0.4,-0.03,11,0,7,4.5,3.68
344,1275399096000,53.0081385,4.7181233,-17,32.1,999998.9,999998.9,0.17,0.06,0.17,14.2,0,5,2.7,2.94
344,1275400306000,53.0082459,4.7181203,-6,32.4,4,5.7,-0.01,-0.11,0.21,23.8,0,6,2.5,2.91
344,1275401513000,53.0083668,4.7189302,-119,31.7,7.5,8.8,-0.06,0,-0.07,14.6,0,5,3.7,0.38
344,1275402765000,53.0083041,4.7180827,-1,31.4,5.4,4.5,0.01,-0.01,0.01,50.4,0,6,1.9,1.26
344,1275404008000,53.0082665,4.7180725,-5,30.3,6,8.2,0.03,0.05,0.09,29.6,0,5,2.5,1.17
344,1275405240000,53.0082729,4.7181271,1,29.2,4.7,5.4,0.14,-0.1,-0.1,45.3,0,7,2.2,2.6
344,1275406464000,53.0081322,4.7182421,-17,28.6,22.1,22.4,0,-0.03,0.08,37.4,0,5,14.3,1.24
344,1275407689000,53.0082909,4.718095,8,28.4,16.9,21,0,-0.05,0.2,28.1,0,5,11.7,0.57
344,1275408906000,53.0082736,4.718146,-1,28.3,8.5,12.1,0.49,-0.36,0.76,31.4,0,5,4.6,3.61
344,1275410154000,53.0082569,4.7181367,-1,27.2,2.9,5,0.03,-0.02,0.04,47.2,0,6,2.8,0.51
344,1275411365000,53.0082588,4.7181259,4,27.3,3.9,5,-0.06,-0.28,0.29,10.3,0,7,2.2,2.73
