311,78284742,0,-0.449008,0.048963,0.878519
311,78284742,1,-0.444305,0.048963,0.878519
311,78284742,2,-0.442737,0.054952,0.878519
311,78284742,3,-0.445873,0.051958,0.878519
311,78284742,4,-0.445089,0.052706,0.878519
311,78284742,5,-0.443521,0.054204,0.878519
311,78284742,6,-0.445873,0.042974,0.902545
311,78284742,7,-0.446657,0.057198,0.878519
311,78284742,8,-0.447441,0.056450,0.878519
311,78284742,9,-0.449008,0.052706,0.878519
311,78284742,10,-0.447441,0.054204,0.878519
311,78284742,11,-0.451360,0.049712,0.902545
311,78284742,12,-0.440386,0.051958,0.878519
311,78284742,13,-0.445089,0.048963,0.878519
311,78284742,14,-0.446657,0.047466,0.878519
311,78284742,15,-0.448225,0.048214,0.878519
311,78284742,16,-0.441953,0.050460,0.878519
311,78284742,17,-0.445089,0.047466,0.878519
311,78284742,18,-0.441170,0.047466,0.878519
311,78284742,19,-0.444305,0.047466,0.878519
311,78284742,20,-0.439602,0.050460,0.878519
311,78284742,21,-0.440386,0.048963,0.878519
311,78284742,22,-0.445089,0.049712,0.878519
311,78284742,23,-0.442737,0.048963,0.878519
311,78284742,24,-0.446657,0.046717,0.878519
311,78284742,25,-0.449792,0.046717,0.878519
311,78284742,26,-0.456847,0.049712,0.878519
311,78284742,27,-0.442737,0.047466,0.878519
311,78284742,28,-0.448225,0.050460,0.878519
311,78284742,29,-0.445873,0.051958,0.878519
311,78284742,30,-0.444305,0.052706,0.878519
311,78284742,31,-0.455279,0.048963,0.878519
311,78284742,32,-0.453712,0.052706,0.878519
311,78284742,33,-0.456847,0.051958,0.878519
311,78284742,34,-0.446657,0.051209,0.878519
311,78284742,35,-0.450576,0.051958,0.878519
311,78284742,36,-0.442737,0.050460,0.878519
311,78284742,37,-0.445089,0.053455,0.878519
311,78284742,38,-0.453712,0.051209,0.878519
311,78284742,39,-0.450576,0.051958,0.878519
311,78284742,40,-0.445089,0.054952,0.878519
311,78284742,41,-0.455279,0.051209,0.878519
311,78284742,42,-0.445089,0.048963,0.878519
311,78284742,43,-0.459983,0.048963,0.878519
311,78284742,44,-0.440386,0.048214,0.878519
311,78284742,45,-0.450576,0.049712,0.878519
311,78284742,46,-0.445873,0.048214,0.878519
311,78284742,47,-0.449792,0.049712,0.878519
311,78284742,48,-0.454496,0.044471,0.878519
311,78284742,49,-0.445873,0.048963,0.878519
311,78284742,50,-0.452144,0.049712,0.878519
311,78284742,51,-0.441953,0.049712,0.878519
311,78284742,52,-0.450576,0.045968,0.878519
311,78284742,53,-0.455279,0.047466,0.878519
311,78284742,54,-0.452928,0.050460,0.878519
311,78284742,55,-0.455279,0.045220,0.878519
311,78285362,0,-0.543074,-0.022161,0.878519
311,78285362,1,-0.590891,-0.070824,0.782416
311,78285362,2,-0.438034,-0.004193,0.854494
311,78285362,3,-0.472525,0.019016,0.878519
311,78285362,4,-0.586972,0.012278,0.878519
311,78285362,5,-0.473309,0.083402,0.878519
311,78285362,6,-0.543858,-0.011679,0.854494
311,78285362,7,-0.496825,-0.053605,0.854494
311,78285362,8,-0.383946,-0.085049,0.950597
311,78285362,9,-0.543858,-0.038631,0.733614
311,78285362,10,-0.519558,0.103616,0.878519
311,78285362,11,-0.459199,-0.198847,0.878519
311,78285362,12,-0.438818,0.114846,0.878519
311,78285362,13,-0.510151,-0.040877,0.830468
311,78285362,14,-0.498393,0.035487,0.854494
311,78285362,15,-0.469389,0.060942,0.854494
311,78285362,16,-0.504664,0.022760,0.854494
311,78285362,17,-0.465470,0.039979,0.878519
311,78285362,18,-0.469389,0.036984,0.854494
311,78285362,19,-0.479580,0.031744,0.878519
311,78285362,20,-0.486635,0.025006,0.854494
311,78285362,21,-0.499177,0.023508,0.854494
311,78285362,22,-0.531316,0.051209,0.830468
311,78285362,23,-0.507800,0.062439,0.854494
311,78285362,24,-0.501529,0.042974,0.854494
311,78285362,25,-0.515638,0.050460,0.854494
311,78285362,26,-0.532884,0.051209,0.854494
311,78285362,27,-0.477228,0.068429,0.854494
311,78285362,28,-0.470957,-0.007187,0.878519
311,78285362,29,-0.723368,0.313993,0.878519
311,78285362,30,-0.761778,0.125328,0.830468
311,78285362,31,-0.530532,-0.451898,1.071477
311,78285362,32,-0.288312,0.451748,0.058638
311,78285362,33,-0.873089,-0.609119,0.782416
311,78285362,34,-0.969507,0.596242,0.782416
311,78285362,35,-0.858196,-0.076065,1.192357
311,78285362,36,-0.539155,-0.077562,0.637510
311,78285362,37,-0.545426,0.185970,0.830468
311,78285362,38,-0.532100,0.044471,0.830468
311,78285362,39,-0.511719,0.079659,0.854494
311,78285362,40,-0.551697,0.099124,0.854494
311,78285362,41,-0.555617,0.081156,0.830468
311,78285362,42,-0.547778,0.082653,0.806442
311,78285362,43,-0.543858,0.086397,0.830468
311,78285362,44,-0.547778,0.084899,0.830468
311,78285362,45,-0.551697,0.084151,0.830468
311,78285362,46,-0.555617,0.088643,0.830468
311,78285362,47,-0.536803,0.067680,0.854494
311,78285362,48,-0.561104,0.086397,0.830468
311,78285362,49,-0.586188,0.062439,0.830468
311,78285362,50,-0.554049,0.022760,0.830468
311,78285362,51,-0.663792,0.058696,0.830468
311,78285362,52,-0.613624,0.066183,0.757639
311,78285362,53,-0.801756,0.081156,0.830468
311,78285970,0,-0.688877,-0.041626,0.757639
311,78285970,1,-0.695148,0.063937,0.806442
311,78285970,2,-0.464686,0.137306,0.902545
311,78285970,3,-0.664576,0.005540,0.806442
311,78285970,4,-0.527397,0.070675,0.830468
311,78285970,5,-0.732774,-0.080557,0.613484
311,78285970,6,-0.677118,0.131317,0.806442
311,78285970,7,-0.493690,0.063937,0.830468
311,78285970,8,-0.557968,0.034738,0.806442
311,78285970,9,-0.533668,0.150782,0.806442
311,78285970,10,-0.699067,-0.011679,0.782416
311,78285970,11,-0.511719,0.140301,0.830468
311,78285970,12,-0.608921,-0.098525,0.782416
311,78285970,13,-0.629302,0.060193,0.806442
311,78285970,14,-0.736694,-0.056600,0.709588
311,78285970,15,-0.609704,0.094632,0.854494
311,78285970,16,-0.587756,0.101370,0.782416
311,78285970,17,-0.619895,0.062439,0.806442
311,78285970,18,-0.653602,0.003294,0.782416
311,78285970,19,-0.529748,0.123082,0.733614
311,78285970,20,-0.643411,0.047466,0.782416
311,78285970,21,-0.588540,0.105113,0.782416
311,78285970,22,-0.581485,-0.001947,0.806442
311,78285970,23,-0.592459,0.095381,0.806442
311,78285970,24,-0.586972,0.050460,0.806442
311,78285970,25,-0.578349,0.072921,0.830468
311,78285970,26,-0.570510,0.060193,0.782416
311,78285970,27,-0.606569,0.069926,0.806442
311,78285970,28,-0.591675,0.074418,0.806442
311,78285970,29,-0.603433,0.060942,0.782416
311,78285970,30,-0.622247,0.045220,0.782416
311,78285970,31,-0.615192,0.048963,0.757639
311,78285970,32,-0.615192,0.040728,0.782416
311,78285970,33,-0.625382,0.033241,0.782416
311,78285970,34,-0.635573,0.036984,0.782416
311,78285970,35,-0.592459,0.060942,0.782416
311,78285970,36,-0.604217,0.058696,0.782416
311,78285970,37,-0.634789,0.030246,0.757639
311,78285970,38,-0.652034,0.015273,0.757639
311,78285970,39,-0.648899,0.018268,0.757639
311,78285970,40,-0.612840,-0.049113,0.757639
311,78285970,41,-0.653602,0.126076,0.709588
311,78285970,42,-0.559536,0.005540,0.830468
311,78285970,43,-0.637140,0.083402,0.782416
311,78285970,44,-0.543074,0.030246,0.782416
311,78285970,45,-0.637140,0.137306,0.854494
311,78285970,46,-0.660657,0.001797,0.709588
311,78285970,47,-0.682606,0.007786,0.782416
311,78285970,48,-0.567375,0.082653,0.757639
311,78285970,49,-0.594027,-0.008685,0.782416
311,78285970,50,-0.691228,0.144793,0.757639
311,78285970,51,-0.585404,0.056450,0.854494
311,78285970,52,-0.583052,0.050460,0.806442
311,78285970,53,-0.616759,0.021262,0.782416
311,78285970,54,-0.509367,0.040728,0.878519
311,78286591,0,0.047190,0.163510,1.409340
311,78286591,1,-0.434898,0.083402,1.795255
311,78286591,2,-0.195814,0.102867,1.143554
311,78286591,3,-0.269499,-0.000449,0.010586
311,78286591,4,-0.006114,-0.043872,0.154741
311,78286591,5,0.218860,0.068429,0.637510
311,78286591,6,0.264325,0.170248,1.264434
311,78286591,7,-0.352591,0.067680,1.819281
311,78286591,8,-0.245199,0.173991,1.771229
311,78286591,9,-0.328290,0.028000,0.444553
311,78286591,10,-0.010818,-0.085798,0.058638
311,78286591,11,0.178882,-0.087295,0.371725
311,78286591,12,0.351337,-0.073070,1.192357
311,78286591,13,-0.233440,0.007786,1.795255
311,78286591,14,-0.365917,0.135809,1.940161
311,78286591,15,-0.218547,0.082653,0.806442
311,78286591,16,-0.047660,0.055701,-0.014190
311,78286591,17,0.055029,-0.099274,0.347699
311,78286591,18,0.380340,0.046717,0.950597
311,78286591,19,-0.042173,0.153028,1.626323
311,78286591,20,-0.489770,0.114846,1.795255
311,78286591,21,-0.199733,0.211425,1.288460
311,78286591,22,-0.293016,0.113349,0.010586
311,78286591,23,-0.005330,-0.170398,0.154741
311,78286591,24,0.321549,0.060942,0.782416
311,78286591,25,0.190640,0.037733,1.457392
311,78286591,26,-0.385514,0.114846,1.915384
311,78286591,27,-0.229521,0.256345,1.626323
311,78286591,28,-0.283609,0.061690,0.106690
311,78286591,29,0.010347,-0.168152,0.130716
311,78286591,30,0.208670,0.078161,0.685562
311,78286591,31,0.324684,-0.002695,1.385314
311,78286591,32,-0.314180,0.186719,1.891358
311,78286591,33,-0.216979,0.299768,1.915384
311,78286591,34,-0.294583,-0.040877,0.371725
311,78286591,35,-0.038254,0.063937,0.106690
311,78286591,36,0.107549,-0.188366,0.564682
311,78286591,37,0.238457,0.066931,1.336512
311,78286591,38,-0.349455,0.066183,1.795255
311,78286591,39,-0.296935,0.205435,1.964187
311,78286591,40,-0.276554,0.150034,0.589459
311,78286591,41,-0.010034,-0.257992,0.058638
311,78286591,42,0.147527,0.159018,0.396501
311,78286591,43,0.265109,0.013776,1.240408
311,78286591,44,-0.262444,0.099873,1.843307
311,78286591,45,-0.340049,0.220409,2.012238
311,78286591,46,-0.213059,0.027252,0.975374
311,78286591,47,-0.065689,0.081905,-0.062242
311,78286591,48,0.136552,0.083402,0.275621
311,78286591,49,0.450890,-0.031893,0.854494
311,78286591,50,-0.004547,0.118590,1.529469
311,78286591,51,-0.361997,-0.025904,1.795255
311,78286591,52,-0.234224,0.141050,1.361288
311,78286591,53,-0.301638,-0.044621,0.034612
311,78286591,54,-0.002195,0.056450,0.227570
311,78286591,55,0.256487,-0.013925,0.757639
311,78286591,56,0.217292,0.198697,1.409340
311,78287193,0,0.024457,0.094632,1.047451
311,78287193,1,0.036999,0.075915,1.023425
311,78287193,2,0.022106,0.079659,0.975374
311,78287193,3,-0.021792,0.092386,0.950597
311,78287193,4,-0.072744,0.098375,0.926571
311,78287193,5,-0.118210,0.113349,0.878519
311,78287193,6,-0.159755,0.105113,0.878519
311,78287193,7,-0.166810,0.117841,0.926571
311,78287193,8,-0.144078,0.093135,0.975374
311,78287193,9,-0.113506,0.059444,1.047451
311,78287193,10,-0.082151,0.016770,1.095503
311,78287193,11,-0.052363,0.007038,1.119528
311,78287193,12,-0.026495,0.043722,1.119528
311,78287193,13,-0.026495,0.067680,1.071477
311,78287193,14,-0.039037,0.075167,1.023425
311,78287193,15,-0.051580,0.073669,0.950597
311,78287193,16,-0.057851,0.087145,0.878519
311,78287193,17,-0.059418,0.112600,0.854494
311,78287193,18,-0.052363,0.124579,0.878519
311,78287193,19,-0.063338,0.126076,0.902545
311,78287193,20,-0.051580,0.101370,0.926571
311,78287193,21,-0.059418,0.051958,0.950597
311,78287193,22,-0.089990,0.033990,0.950597
311,78287193,23,-0.117426,0.028749,0.926571
311,78287193,24,-0.127616,0.034738,0.902545
311,78287193,25,-0.127616,0.035487,0.878519
311,78287193,26,-0.118993,0.048214,0.854494
311,78287193,27,-0.082935,0.064685,0.902545
311,78287193,28,-0.039037,0.096878,0.926571
311,78287193,29,-0.006898,0.108857,0.950597
311,78287193,30,0.011131,0.120836,0.950597
311,78287193,31,0.011131,0.095381,0.975374
311,78287193,32,-0.013169,0.069177,0.950597
311,78287193,33,-0.046092,0.075915,0.926571
311,78287193,34,-0.094693,0.069926,0.926571
311,78287193,35,-0.133103,0.063937,0.926571
311,78287193,36,-0.150349,0.066931,0.975374
311,78287193,37,-0.144862,0.054952,1.047451
311,78287193,38,-0.107235,0.022011,1.119528
311,78287193,39,-0.075096,0.030995,1.143554
311,78287193,40,-0.037470,0.045968,1.143554
311,78287193,41,-0.000627,0.072921,1.095503
311,78287193,42,0.014267,0.096129,1.047451
311,78287193,43,-0.000627,0.124579,0.999399
311,78287193,44,-0.023360,0.123082,0.975374
311,78287193,45,-0.035118,0.124579,0.950597
311,78287193,46,-0.050012,0.105862,0.975374
311,78287193,47,-0.055499,0.098375,0.999399
311,78287193,48,-0.051580,0.095381,1.071477
311,78287193,49,-0.039821,0.081156,1.095503
311,78287193,50,-0.036686,0.082653,1.143554
311,78287193,51,-0.024144,0.083402,1.168331
311,78287193,52,-0.024144,0.069177,1.168331
311,78287193,53,-0.042173,0.056450,1.119528
311,78287193,54,-0.079015,0.036236,1.047451
311,78287812,0,-0.075880,0.060942,0.130716
311,78287812,1,0.045622,-0.098525,0.420527
311,78287812,2,0.268245,0.203189,1.023425
311,78287812,3,-0.013169,0.093135,1.361288
311,78287812,4,-0.158188,0.014524,1.602297
311,78287812,5,-0.129184,0.186719,1.288460
311,78287812,6,-0.201301,0.075167,0.347699
311,78287812,7,-0.104884,-0.170398,0.178767
311,78287812,8,0.102062,0.206184,0.637510
311,78287812,9,0.278435,0.060193,1.119528
311,78287812,10,-0.102532,0.106611,1.457392
311,78287812,11,-0.274202,0.088643,1.626323
311,78287812,12,-0.136239,0.152280,1.119528
311,78287812,13,-0.187975,0.046717,0.251595
311,78287812,14,-0.041389,-0.068578,0.227570
311,78287812,15,0.200831,0.054204,0.733614
311,78287812,16,0.168692,0.010781,1.119528
311,78287812,17,-0.082151,0.060942,1.457392
311,78287812,18,-0.209140,0.174740,1.650349
311,78287812,19,-0.156620,0.111851,0.999399
311,78287812,20,-0.194246,0.072172,0.154741
311,78287812,21,0.015051,-0.052856,0.347699
311,78287812,22,0.224347,0.093883,0.975374
311,78287812,23,0.066787,0.152280,1.385314
311,78287812,24,-0.163675,0.115595,1.722427
311,78287812,25,-0.184056,0.195703,1.554246
311,78287812,26,-0.203653,0.044471,0.661536
311,78287812,27,-0.076664,0.028749,0.203544
311,78287812,28,0.073058,-0.042375,0.564682
311,78287812,29,0.255703,0.043722,1.119528
311,78287812,30,-0.108803,0.151531,1.481418
311,78287812,31,-0.256173,0.128322,1.674375
311,78287812,32,-0.140942,0.070675,1.312486
311,78287812,33,-0.237360,0.034738,0.371725
311,78287812,34,-0.042173,0.032492,0.275621
311,78287812,35,0.202399,0.004791,0.830468
311,78287812,36,0.178882,-0.069327,1.216383
311,78287812,37,-0.169946,0.116343,1.602297
311,78287812,38,-0.220898,0.088643,1.698401
311,78287812,39,-0.173865,0.073669,0.950597
311,78287812,40,-0.144078,0.074418,0.082664
311,78287812,41,0.011131,-0.030396,0.347699
311,78287812,42,0.225915,0.066931,0.950597
311,78287812,43,0.024457,-0.025155,1.336512
311,78287812,44,-0.173865,0.016022,1.674375
311,78287812,45,-0.167594,0.146290,1.481418
311,78287812,46,-0.258525,0.084899,0.540656
311,78287812,47,-0.065689,0.030995,0.203544
311,78287812,48,0.087952,0.060193,0.564682
311,78287812,49,0.240809,0.114097,1.047451
311,78287812,50,-0.076664,0.140301,1.433366
311,78287812,51,-0.214627,0.079659,1.650349
311,78287812,52,-0.158972,0.116343,1.264434
311,78287812,53,-0.235792,0.003294,0.299647
311,78287812,54,-0.040605,0.060942,0.227570
311,78287812,55,0.168692,0.084899,0.709588
311,78287812,56,0.163988,-0.040129,1.095503
311,78287812,57,-0.108019,0.130568,1.481418
311,78287812,58,-0.232657,0.126825,1.674375
311,78288423,0,-0.072744,-0.106012,0.806442
311,78288423,1,-0.057067,-0.082054,0.806442
311,78288423,2,-0.050796,-0.048364,0.830468
311,78288423,3,-0.060202,-0.004193,0.854494
311,78288423,4,-0.051580,0.052706,0.854494
311,78288423,5,-0.065689,0.094632,0.878519
311,78288423,6,-0.067257,0.120836,0.926571
311,78288423,7,-0.061770,0.132814,0.950597
311,78288423,8,-0.057067,0.135809,0.975374
311,78288423,9,-0.067257,0.135060,0.999399
311,78288423,10,-0.066473,0.132066,0.999399
311,78288423,11,-0.096261,0.111103,1.023425
311,78288423,12,-0.121345,0.088643,1.023425
311,78288423,13,-0.146429,0.067680,1.071477
311,78288423,14,-0.149565,0.061690,1.095503
311,78288423,15,-0.151917,0.063188,1.143554
311,78288423,16,-0.130752,0.061690,1.143554
311,78288423,17,-0.119777,0.057198,1.143554
311,78288423,18,-0.123697,0.072921,1.119528
311,78288423,19,-0.126832,0.084151,1.071477
311,78288423,20,-0.124481,0.108108,1.047451
311,78288423,21,-0.097045,0.096878,1.023425
311,78288423,22,-0.089990,0.072172,0.999399
311,78288423,23,-0.086854,0.067680,0.975374
311,78288423,24,-0.099396,0.051958,0.950597
311,78288423,25,-0.098613,0.023508,0.950597
311,78288423,26,-0.096261,0.002545,0.950597
311,78288423,27,-0.091558,-0.006439,0.926571
311,78288423,28,-0.095477,0.010781,0.926571
311,78288423,29,-0.075096,-0.036385,0.926571
311,78288423,30,-0.080583,-0.041626,0.902545
311,78288423,31,-0.079799,-0.045369,0.902545
311,78288423,32,-0.083719,-0.051359,0.902545
311,78288423,33,-0.095477,-0.034888,0.902545
311,78288423,34,-0.094693,0.008535,0.926571
311,78288423,35,-0.112722,0.029498,0.926571
311,78288423,36,-0.122129,0.051209,0.926571
311,78288423,37,-0.121345,0.061690,0.950597
311,78288423,38,-0.101748,0.080407,0.975374
311,78288423,39,-0.079015,0.077413,1.023425
311,78288423,40,-0.058634,0.072172,1.047451
311,78288423,41,-0.050012,0.048214,1.047451
311,78288423,42,-0.046876,0.016770,1.023425
311,78288423,43,-0.076664,0.012278,0.975374
311,78288423,44,-0.118993,-0.005690,0.926571
311,78288423,45,-0.163675,-0.015423,0.878519
311,78288423,46,-0.166810,-0.020663,0.854494
311,78288423,47,-0.147213,-0.022909,0.854494
311,78288423,48,-0.105667,-0.011679,0.950597
311,78288423,49,-0.066473,0.017519,1.047451
311,78288423,50,-0.052363,0.042974,1.095503
311,78288423,51,-0.055499,0.081156,1.143554
311,78288423,52,-0.069609,0.117841,1.143554
311,78288423,53,-0.078232,0.121584,1.119528
311,78288423,54,-0.092341,0.117841,1.071477
311,78288423,55,-0.125265,0.112600,0.999399
311,78289054,0,-0.090774,0.069926,0.950597
311,78289054,1,-0.124481,0.066183,0.950597
311,78289054,2,-0.159755,0.060942,0.950597
311,78289054,3,-0.137807,0.039979,0.975374
311,78289054,4,-0.108803,0.020514,1.047451
311,78289054,5,-0.076664,-0.003444,1.047451
311,78289054,6,-0.057851,-0.018417,1.047451
311,78289054,7,-0.027279,-0.034139,1.071477
311,78289054,8,-0.016305,-0.013177,1.047451
311,78289054,9,0.007996,0.006289,1.047451
311,78289054,10,0.028377,0.059444,1.023425
311,78289054,11,0.008779,-0.043123,1.047451
311,78289054,12,0.076193,0.159766,1.433366
311,78289054,13,-0.405895,0.074418,0.975374
311,78289054,14,-0.282041,-0.132964,0.854494
311,78289054,15,-0.224034,-0.067081,0.685562
311,78289054,16,-0.177785,-0.031893,0.709588
311,78289054,17,-0.177785,-0.022161,0.806442
311,78289054,18,-0.248334,0.030246,0.950597
311,78289054,19,-0.201301,0.053455,1.023425
311,78289054,20,-0.144078,0.044471,1.143554
311,78289054,21,-0.118210,0.063937,1.168331
311,78289054,22,-0.071960,0.059444,1.168331
311,78289054,23,-0.045308,0.037733,1.119528
311,78289054,24,-0.040605,0.011530,1.095503
311,78289054,25,-0.036686,-0.016920,1.047451
311,78289054,26,-0.037470,-0.025155,0.975374
311,78289054,27,-0.028847,-0.069327,0.926571
311,78289054,28,-0.025711,-0.084300,0.926571
311,78289054,29,-0.035118,-0.067830,0.926571
311,78289054,30,-0.043741,-0.055102,0.926571
311,78289054,31,-0.069609,0.010032,0.926571
311,78289054,32,-0.104100,0.055701,0.902545
311,78289054,33,-0.122129,0.069177,0.878519
311,78289054,34,-0.122913,0.063937,0.854494
311,78289054,35,-0.093125,0.057198,0.854494
311,78289054,36,-0.082151,0.065434,0.854494
311,78289054,37,-0.075096,0.077413,0.878519
311,78289054,38,-0.083719,0.064685,0.902545
311,78289054,39,-0.100180,-0.027401,0.975374
311,78289054,40,-0.097045,-0.063338,1.047451
311,78289054,41,-0.115858,-0.055851,1.071477
311,78289054,42,-0.089206,-0.043123,1.071477
311,78289054,43,-0.063338,-0.050610,1.071477
311,78289054,44,-0.045308,-0.025904,1.047451
311,78289054,45,-0.032766,0.021262,1.047451
311,78289054,46,-0.041389,0.039230,1.047451
311,78289054,47,-0.053931,0.060942,1.023425
311,78289054,48,-0.071177,0.078161,0.975374
311,78289054,49,-0.081367,0.067680,0.950597
311,78289054,50,-0.066473,0.031744,0.950597
311,78289054,51,-0.050796,0.010781,0.950597
311,78289054,52,-0.061770,-0.010182,0.975374
311,78289054,53,-0.076664,-0.037134,0.975374
311,78289671,0,-0.118993,0.046717,1.698401
311,78289671,1,-0.405111,0.108108,0.275621
311,78289671,2,0.001725,-0.484839,0.492605
311,78289671,3,0.101278,0.211425,1.385314
311,78289671,4,-0.184840,0.145542,1.626323
311,78289671,5,-0.256957,0.057198,1.988212
311,78289671,6,-0.115858,0.175489,1.626323
311,78289671,7,-0.499177,-0.107509,0.130716
311,78289671,8,-0.037470,0.078161,0.757639
311,78289671,9,0.113036,0.244366,1.433366
311,78289671,10,-0.221682,0.109605,1.602297
311,78289671,11,-0.255389,0.086397,1.915384
311,78289671,12,-0.034334,0.078161,1.192357
311,78289671,13,-0.285961,0.048214,0.010586
311,78289671,14,0.056596,0.121584,0.709588
311,78289671,15,0.246296,-0.039380,1.288460
311,78289671,16,-0.150349,0.206184,1.554246
311,78289671,17,-0.188759,-0.004193,1.891358
311,78289671,18,-0.071177,0.110354,1.409340
311,78289671,19,-0.434115,-0.048364,0.034612
311,78289671,20,-0.024144,0.183724,0.757639
311,78289671,21,0.173395,0.112600,1.361288
311,78289671,22,-0.144862,0.102119,1.626323
311,78289671,23,-0.180136,0.114097,1.915384
311,78289671,24,-0.121345,0.150034,1.505443
311,78289671,25,-0.527397,0.052706,0.227570
311,78289671,26,0.018186,0.086397,0.878519
311,78289671,27,0.188289,-0.007187,1.409340
311,78289671,28,-0.236576,0.214419,1.650349
311,78289671,29,-0.210708,0.099124,2.036264
311,78289671,30,-0.106451,0.019765,1.505443
311,78289671,31,-0.467822,-0.077562,0.009836
311,78289671,32,0.074626,0.090140,0.854494
311,78289671,33,0.129498,0.037733,1.457392
311,78289671,34,-0.244415,0.162761,1.698401
311,78289671,35,-0.245199,0.043722,1.964187
311,78289671,36,-0.166026,0.108857,1.071477
311,78289671,37,-0.198166,0.141798,0.034612
311,78289671,38,0.033080,0.059444,0.806442
311,78289671,39,0.252567,0.097627,1.433366
311,78289671,40,-0.217763,-0.010931,1.650349
311,78289671,41,-0.231089,-0.016171,1.891358
311,78289671,42,-0.160539,0.117092,1.168331
311,78289671,43,-0.173081,-0.004193,-0.038216
311,78289671,44,0.032296,0.088643,0.757639
311,78289671,45,0.232970,-0.004193,1.312486
311,78289671,46,-0.216979,0.076664,1.529469
311,78289671,47,-0.209924,0.011530,1.843307
311,78289671,48,-0.141726,-0.024407,1.312486
311,78289671,49,-0.278906,-0.003444,0.058638
311,78289671,50,0.049541,0.193457,0.420527
311,78289671,51,0.276868,-0.232537,1.240408
311,78289671,52,-0.206788,0.199446,1.626323
311,78289671,53,-0.293016,0.092386,1.843307
311,78289671,54,-0.156620,0.115595,1.385314
311,78289671,55,-0.340832,-0.091787,0.130716
311,78289671,56,-0.036686,0.143296,0.396501
311,78289671,57,0.254135,-0.174141,1.047451
311,78290292,0,0.118523,-0.089541,0.589459
311,78290292,1,-0.017089,0.372389,0.685562
311,78290292,2,-0.294583,0.161264,0.589459
311,78290292,3,0.189073,0.016022,1.216383
311,78290292,4,0.007996,0.164258,1.095503
311,78290292,5,-0.288312,-0.103766,0.323673
311,78290292,6,0.133417,0.313244,0.420527
311,78290292,7,-0.102532,0.260837,0.757639
311,78290292,8,0.126362,0.359662,1.288460
311,78290292,9,0.131065,0.099124,1.095503
311,78290292,10,-0.634789,-1.033615,-0.713192
311,78290292,11,0.655483,1.155499,1.168331
311,78290292,12,-0.644979,-0.077562,1.843307
311,78290292,13,0.876538,-0.335854,1.915384
311,78290292,14,-1.029866,-0.011679,-1.171935
311,78290292,15,1.345301,-0.620349,1.722427
311,78290292,16,0.275300,0.214419,1.240408
311,78290292,17,-0.006898,2.627386,0.733614
311,78290292,18,-0.621463,-0.641312,0.589459
311,78290292,19,0.611586,0.250356,0.782416
311,78290292,20,-0.160539,0.001797,1.071477
311,78290292,21,-0.352591,-0.316388,1.143554
311,78290292,22,-0.449792,0.385116,1.457392
311,78290292,23,-0.536803,-0.249008,0.806442
311,78290292,24,0.287058,0.255596,0.733614
311,78290292,25,0.185937,-0.209328,0.661536
311,78290292,26,0.113036,0.382122,0.564682
311,78290292,27,0.026025,-0.301415,0.468579
311,78290292,28,0.243945,0.127574,0.637510
311,78290292,29,0.187505,0.206933,0.830468
311,78290292,30,-0.219331,0.319982,0.950597
311,78290292,31,0.212589,-0.018417,0.589459
311,78290292,32,0.245512,-0.195104,0.371725
311,78290292,33,0.218076,0.494422,0.806442
311,78290292,34,-0.107235,0.019016,0.613484
311,78290292,35,0.287842,0.170996,0.806442
311,78290292,36,-0.113506,0.087894,1.288460
311,78290292,37,-0.227169,0.123082,0.685562
311,78290292,38,0.326252,0.176237,0.733614
311,78290292,39,0.053461,-0.167403,0.757639
311,78290292,40,0.494003,0.094632,1.264434
311,78290292,41,0.040919,0.644157,1.771229
311,78290292,42,-0.742965,-0.366549,0.830468
311,78290292,43,0.904758,0.337950,1.168331
311,78290292,44,0.061300,0.707794,1.240408
311,78290292,45,-0.039821,-0.160665,1.891358
311,78290292,46,-0.294583,0.316239,1.819281
311,78290292,47,-0.950694,0.707045,0.589459
311,78290292,48,0.568472,-0.347833,0.564682
311,78290292,49,-0.706122,0.395598,1.602297
311,78290292,50,-0.695932,-0.232537,1.747203
311,78290292,51,-0.989104,1.280527,1.409340
311,78290292,52,-0.981265,-0.946021,0.733614
311,78290292,53,0.572392,0.930898,0.661536
311,78290292,54,0.207102,0.120087,0.468579
311,78290906,0,0.337227,-0.196601,1.312486
311,78290906,1,-0.500745,0.300517,1.771229
311,78290906,2,0.172611,-0.177884,1.988212
311,78290906,3,-0.515638,0.150782,-0.062242
311,78290906,4,-0.251470,-0.718425,0.299647
311,78290906,5,0.416399,0.258591,1.505443
311,78290906,6,-0.454496,0.292281,1.819281
311,78290906,7,-0.837031,0.519129,2.108341
311,78290906,8,-0.350239,0.105113,1.433366
311,78290906,9,-0.113506,0.381373,-0.158345
311,78290906,10,-0.147997,-0.296923,0.516630
311,78290906,11,0.429725,-0.016920,1.023425
311,78290906,12,-0.123697,0.115595,1.361288
311,78290906,13,-0.273419,-0.031893,1.578272
311,78290906,14,-0.242063,-0.234035,0.709588
311,78290906,15,-0.310261,0.305009,0.203544
311,78290906,16,0.102845,-0.160665,0.950597
311,78290906,17,0.171043,-0.412967,1.385314
311,78290906,18,-0.326723,-0.026653,1.529469
311,78290906,19,-0.315748,0.154526,1.578272
311,78290906,20,-0.060202,0.254099,0.589459
311,78290906,21,-0.139374,-0.305158,0.010586
311,78290906,22,-0.034334,-0.126975,0.540656
311,78290906,23,0.309791,0.322228,0.975374
311,78290906,24,-0.043741,0.275062,1.264434
311,78290906,25,-0.071177,0.296025,1.554246
311,78290906,26,-0.046876,0.194205,1.698401
311,78290906,27,-0.376891,0.086397,0.516630
311,78290906,28,-0.094693,0.120836,0.275621
311,78290906,29,0.176531,0.031744,1.312486
311,78290906,30,-0.052363,-0.359063,1.529469
311,78290906,31,-0.411382,0.010781,1.843307
311,78290906,32,-0.102532,-0.016171,1.529469
311,78290906,33,-0.401975,-0.279704,-0.207148
311,78290906,34,-0.149565,0.459984,0.540656
311,78290906,35,0.245512,-0.389010,1.192357
311,78290906,36,-0.180920,-0.078311,1.698401
311,78290906,37,-0.505448,0.174740,1.940161
311,78290906,38,-0.307909,0.090140,1.481418
311,78290906,39,-0.212276,0.032492,-0.110294
311,78290906,40,-0.076664,0.045220,0.347699
311,78290906,41,0.275300,0.042974,1.288460
311,78290906,42,-0.284393,-0.494572,1.578272
311,78290906,43,-0.243631,0.087145,1.505443
311,78290906,44,-0.289096,0.337950,0.613484
311,78290906,45,-0.131536,-0.430186,-0.207148
311,78290906,46,-0.007682,0.227147,0.251595
311,78290906,47,0.340362,-0.133713,0.323673
311,78290906,48,0.138120,0.069177,0.709588
311,78290906,49,-0.378459,0.240623,1.336512
311,78290906,50,-0.382378,0.405331,1.554246
311,78290906,51,-0.037470,0.152280,0.782416
311,78290906,52,-0.223250,0.035487,-0.062242
311,78290906,53,-0.035118,0.120087,0.371725
311,78290906,54,0.330956,-0.007936,0.975374
311,78290906,55,-0.031199,0.285543,1.336512
311,78291527,0,-0.060986,0.145542,1.095503
311,78291527,1,-0.080583,0.129071,0.999399
311,78291527,2,-0.078232,0.109605,0.926571
311,78291527,3,-0.063338,0.079659,0.854494
311,78291527,4,-0.069609,0.048963,0.806442
311,78291527,5,-0.090774,0.028749,0.782416
311,78291527,6,-0.090774,0.013027,0.806442
311,78291527,7,-0.089990,-0.003444,0.854494
311,78291527,8,-0.084503,-0.010931,0.902545
311,78291527,9,-0.085287,0.009284,0.975374
311,78291527,10,-0.096261,0.043722,0.999399
311,78291527,11,-0.104100,0.081905,1.023425
311,78291527,12,-0.100964,0.103616,1.023425
311,78291527,13,-0.081367,0.111103,1.023425
311,78291527,14,-0.031982,0.085648,1.023425
311,78291527,15,0.004860,0.054952,0.999399
311,78291527,16,0.029944,0.020514,0.999399
311,78291527,17,0.010347,0.016770,0.975374
311,78291527,18,-0.001411,-0.015423,0.950597
311,78291527,19,-0.017873,-0.009433,0.950597
311,78291527,20,-0.033550,0.015273,0.975374
311,78291527,21,-0.072744,0.028000,0.950597
311,78291527,22,-0.093125,0.033241,0.999399
311,78291527,23,-0.129968,0.033990,1.023425
311,78291527,24,-0.146429,0.031744,1.023425
311,78291527,25,-0.135455,0.039230,1.047451
311,78291527,26,-0.106451,0.047466,1.047451
311,78291527,27,-0.071177,0.060942,1.023425
311,78291527,28,-0.030415,0.072172,0.999399
311,78291527,29,-0.028847,0.066931,0.950597
311,78291527,30,-0.037470,0.036984,0.878519
311,78291527,31,-0.048444,0.039979,0.806442
311,78291527,32,-0.062554,0.036984,0.782416
311,78291527,33,-0.079799,-0.003444,0.806442
311,78291527,34,-0.071177,-0.042375,0.854494
311,78291527,35,-0.052363,-0.076065,0.926571
311,78291527,36,-0.031199,-0.100022,1.023425
311,78291527,37,-0.002979,-0.071573,1.095503
311,78291527,38,-0.009250,-0.030396,1.119528
311,78291527,39,-0.023360,0.012278,1.143554
311,78291527,40,-0.042957,0.046717,1.095503
311,78291527,41,-0.062554,0.054952,1.047451
311,78291527,42,-0.093125,0.073669,0.975374
311,78291527,43,-0.070393,0.084899,0.975374
311,78291527,44,-0.049228,0.067680,0.999399
311,78291527,45,-0.017089,0.045220,1.023425
311,78291527,46,-0.002195,0.015273,1.071477
311,78291527,47,-0.028063,-0.011679,1.095503
311,78291527,48,-0.042957,-0.040129,1.143554
311,78291527,49,-0.089206,-0.055102,1.119528
311,78291527,50,-0.112722,-0.040129,1.119528
311,78291527,51,-0.122129,-0.020663,1.119528
311,78291527,52,-0.121345,0.011530,1.095503
311,78291527,53,-0.121345,0.028000,1.095503
311,78291527,54,-0.140158,0.030995,1.071477
311,78291527,55,-0.149565,0.025006,1.023425
311,78292158,0,-0.695148,-0.055851,0.685562
311,78292158,1,-0.608137,-0.091038,0.806442
311,78292158,2,-0.623030,-0.021412,0.782416
311,78292158,3,-0.605785,-0.048364,0.806442
311,78292158,4,-0.548562,0.009284,0.806442
311,78292158,5,-0.524261,-0.101520,0.830468
311,78292158,6,-0.420789,-0.022909,0.878519
311,78292158,7,-0.593243,-0.049113,0.757639
311,78292158,8,-0.577565,0.055701,0.830468
311,78292158,9,-0.616759,-0.044621,0.782416
311,78292158,10,-0.577565,-0.112001,0.854494
311,78292158,11,-0.631653,-0.058097,0.782416
311,78292158,12,-0.685741,-0.109755,0.709588
311,78292158,13,-0.464686,0.016770,0.854494
311,78292158,14,-0.387082,0.031744,0.950597
311,78292158,15,-0.531316,-0.164408,0.878519
311,78292158,16,-0.534452,-0.154675,0.757639
311,78292158,17,-0.579917,-0.082054,0.806442
311,78292158,18,-0.580701,0.013027,0.854494
311,78292158,19,-0.630869,0.025006,0.782416
311,78292158,20,-0.534452,-0.103766,0.878519
311,78292158,21,-0.617543,-0.108258,0.782416
311,78292158,22,-0.567375,-0.072322,0.830468
311,78292158,23,-0.486635,0.173991,0.806442
311,78292158,24,-0.561104,-0.018417,0.830468
311,78292158,25,-0.535236,0.076664,0.782416
311,78292158,26,-0.557968,-0.050610,0.854494
311,78292158,27,-0.542291,-0.000449,0.806442
311,78292158,28,-0.524261,0.110354,0.830468
311,78292158,29,-0.548562,0.105113,0.782416
311,78292158,30,-0.605785,-0.049861,0.830468
311,78292158,31,-0.651250,0.074418,0.782416
311,78292158,32,-0.520342,0.259340,0.733614
311,78292158,33,-0.666928,0.173991,0.830468
311,78292158,34,-0.623814,0.078910,0.782416
311,78292158,35,-0.587756,0.029498,0.830468
311,78292158,36,-0.724151,0.220409,0.637510
311,78292158,37,-0.677902,0.075915,0.709588
311,78292158,38,-0.572862,-0.022909,0.782416
311,78292158,39,-0.579133,0.115595,0.757639
311,78292158,40,-0.656737,0.123830,0.733614
311,78292158,41,-0.709258,0.099873,0.782416
311,78292158,42,-0.496825,0.054952,0.757639
311,78292158,43,-0.706906,0.276559,0.540656
311,78292158,44,-0.861331,0.263832,0.685562
311,78292158,45,-0.563455,-0.012428,0.806442
311,78292158,46,-0.586188,0.060942,0.709588
311,78292158,47,-0.667712,0.122333,0.733614
311,78292158,48,-0.837031,0.212173,0.757639
311,78292158,49,-0.427844,-0.090290,0.878519
311,78292158,50,-0.903661,0.292281,0.516630
311,78292158,51,-1.047895,0.099124,0.613484
311,78292158,52,-0.595595,0.066931,0.782416
311,78292158,53,-0.537587,0.004043,0.733614
311,78292158,54,-0.657521,0.119338,0.661536
311,78292158,55,-0.721016,0.058696,0.733614
311,78292158,56,-0.827624,0.109605,0.661536
311,78292158,57,-0.534452,-0.058846,0.830468
311,78292158,58,-0.902093,0.210676,0.589459
311,78292781,0,-0.652818,0.063188,0.757639
311,78292781,1,-0.557184,-0.153178,0.806442
311,78292781,2,-0.679470,-0.304410,0.589459
311,78292781,3,-0.690444,-0.056600,0.757639
311,78292781,4,-0.641844,-0.020663,0.709588
311,78292781,5,-0.648899,-0.138953,0.757639
311,78292781,6,-0.659873,-0.056600,0.782416
311,78292781,7,-0.747668,-0.114247,0.782416
311,78292781,8,-0.619111,0.030995,0.757639
311,78292781,9,-0.699067,-0.234035,0.733614
311,78292781,10,-0.646547,-0.166654,0.637510
311,78292781,11,-0.674767,0.079659,0.806442
311,78292781,12,-0.583052,-0.209328,0.757639
311,78292781,13,-0.629302,-0.082803,0.733614
311,78292781,14,-0.633221,-0.014674,0.757639
311,78292781,15,-0.653602,-0.070824,0.782416
311,78292781,16,-0.657521,-0.070076,0.757639
311,78292781,17,-0.652818,-0.085798,0.757639
311,78292781,18,-0.663792,-0.073819,0.757639
311,78292781,19,-0.681822,-0.101520,0.733614
311,78292781,20,-0.655954,-0.081306,0.757639
311,78292781,21,-0.661441,-0.089541,0.733614
311,78292781,22,-0.666144,-0.070076,0.757639
311,78292781,23,-0.661441,-0.079060,0.733614
311,78292781,24,-0.673983,-0.067830,0.757639
311,78292781,25,-0.663009,-0.071573,0.733614
311,78292781,26,-0.634789,-0.056600,0.757639
311,78292781,27,-0.659873,-0.094782,0.757639
311,78292781,28,-0.673199,-0.125477,0.709588
311,78292781,29,-0.677118,-0.096279,0.733614
311,78292781,30,-0.689661,-0.134461,0.757639
311,78292781,31,-0.681038,-0.093284,0.733614
311,78292781,32,-0.680254,-0.061092,0.733614
311,78292781,33,-0.692012,-0.144943,0.733614
311,78292781,34,-0.626166,-0.127723,0.757639
311,78292781,35,-0.713177,-0.096279,0.733614
311,78292781,36,-0.681038,-0.093284,0.733614
311,78292781,37,-0.617543,-0.107509,0.806442
311,78292781,38,-0.747668,-0.173392,0.685562
311,78292781,39,-0.768049,0.001797,0.709588
311,78292781,40,-0.619111,-0.123231,0.733614
311,78292781,41,-0.656737,-0.059594,0.733614
311,78292781,42,-0.764129,-0.067830,0.685562
311,78292781,43,-0.736694,0.007786,0.733614
311,78292781,44,-0.730423,-0.052856,0.733614
311,78292781,45,-0.782159,-0.168900,0.661536
311,78292781,46,-0.631653,-0.038631,0.782416
311,78292781,47,-0.618327,-0.139702,0.733614
311,78292781,48,-0.641060,-0.111253,0.757639
311,78292781,49,-0.866818,0.019765,0.757639
311,78292781,50,-0.724935,-0.079060,0.709588
311,78292781,51,-0.590891,-0.109755,0.757639
311,78292781,52,-0.694364,-0.026653,0.733614
311,78292781,53,-0.750020,-0.085049,0.709588
311,78292781,54,-0.648899,-0.046867,0.757639
311,78293412,0,-0.647331,-0.084300,0.709588
311,78293412,1,-0.700635,-0.041626,0.733614
311,78293412,2,-0.682606,-0.053605,0.685562
311,78293412,3,-0.728071,-0.042375,0.733614
311,78293412,4,-0.686525,-0.053605,0.709588
311,78293412,5,-0.680254,-0.022909,0.782416
311,78293412,6,-0.659089,-0.081306,0.685562
311,78293412,7,-0.757075,0.005540,0.733614
311,78293412,8,-0.648899,-0.070824,0.709588
311,78293412,9,-0.692796,-0.094033,0.685562
311,78293412,10,-0.835463,-0.143445,0.685562
311,78293412,11,-0.677118,-0.034888,0.757639
311,78293412,12,-0.704554,-0.137456,0.637510
311,78293412,13,-0.775888,0.002545,0.709588
311,78293412,14,-0.732774,-0.162911,0.661536
311,78293412,15,-0.719448,-0.071573,0.709588
311,78293412,16,-0.632437,-0.087295,0.709588
311,78293412,17,-0.770401,-0.099274,0.661536
311,78293412,18,-0.699851,-0.010931,0.733614
311,78293412,19,-0.664576,-0.051359,0.733614
311,78293412,20,-0.694364,-0.025155,0.757639
311,78293412,21,-0.671631,-0.096279,0.709588
311,78293412,22,-0.746100,-0.032642,0.733614
311,78293412,23,-0.693580,-0.064086,0.685562
311,78293412,24,-0.722584,-0.054354,0.709588
311,78293412,25,-0.733558,-0.199596,0.661536
311,78293412,26,-0.761778,-0.071573,0.661536
311,78293412,27,-0.666928,-0.070076,0.709588
311,78293412,28,-0.752371,-0.067830,0.685562
311,78293412,29,-0.743749,-0.032642,0.709588
311,78293412,30,-0.690444,-0.040129,0.733614
311,78293412,31,-0.750020,-0.058846,0.685562
311,78293412,32,-0.724935,-0.046118,0.709588
311,78293412,33,-0.724151,-0.028899,0.685562
311,78293412,34,-0.692796,-0.037883,0.733614
311,78293412,35,-0.647331,-0.067081,0.757639
311,78293412,36,-0.652818,-0.041626,0.733614
311,78293412,37,-0.677902,-0.034888,0.757639
311,78293412,38,-0.715529,-0.058097,0.709588
311,78293412,39,-0.706906,-0.117991,0.709588
311,78293412,40,-0.703770,-0.028150,0.709588
311,78293412,41,-0.667712,-0.065584,0.733614
311,78293412,42,-0.657521,-0.027401,0.757639
311,78293412,43,-0.691228,-0.055851,0.733614
311,78293412,44,-0.704554,-0.064086,0.709588
311,78293412,45,-0.702203,-0.063338,0.709588
311,78293412,46,-0.695148,-0.070824,0.733614
311,78293412,47,-0.685741,-0.064835,0.733614
311,78293412,48,-0.691228,-0.076814,0.709588
311,78293412,49,-0.681038,-0.069327,0.733614
311,78293412,50,-0.684957,-0.075316,0.733614
311,78293412,51,-0.684957,-0.070824,0.733614
311,78293412,52,-0.700635,-0.084300,0.733614
311,78293412,53,-0.670847,-0.077562,0.733614
311,78293412,54,-0.678686,-0.074568,0.733614
311,78293412,55,-0.683390,-0.075316,0.733614
311,78294019,0,-0.629302,0.148536,0.757639
311,78294019,1,-0.640276,0.167253,0.757639
311,78294019,2,-0.634005,0.152280,0.757639
311,78294019,3,-0.644979,0.145542,0.757639
311,78294019,4,-0.632437,0.152280,0.757639
311,78294019,5,-0.644195,0.147788,0.757639
311,78294019,6,-0.638708,0.147039,0.757639
311,78294019,7,-0.648115,0.156023,0.757639
311,78294019,8,-0.655170,0.147039,0.757639
311,78294019,9,-0.637924,0.169499,0.757639
311,78294019,10,-0.650466,0.129071,0.757639
311,78294019,11,-0.624598,0.162012,0.782416
311,78294019,12,-0.622247,0.137306,0.757639
311,78294019,13,-0.634005,0.144044,0.782416
311,78294019,14,-0.630085,0.140301,0.757639
311,78294019,15,-0.643411,0.137306,0.757639
311,78294019,16,-0.647331,0.138055,0.757639
311,78294019,17,-0.655170,0.132814,0.757639
311,78294019,18,-0.642628,0.142547,0.757639
311,78294019,19,-0.643411,0.134312,0.757639
311,78294019,20,-0.650466,0.136558,0.757639
311,78294019,21,-0.648115,0.141050,0.757639
311,78294019,22,-0.648115,0.141050,0.757639
311,78294019,23,-0.649683,0.141798,0.757639
311,78294019,24,-0.651250,0.142547,0.733614
311,78294019,25,-0.666928,0.139552,0.757639
311,78294019,26,-0.648115,0.166504,0.757639
311,78294019,27,-0.651250,0.114097,0.733614
311,78294019,28,-0.645763,0.168750,0.757639
311,78294019,29,-0.645763,0.128322,0.757639
311,78294019,30,-0.647331,0.145542,0.733614
311,78294019,31,-0.658305,0.140301,0.757639
311,78294019,32,-0.650466,0.135060,0.757639
311,78294019,33,-0.644979,0.110354,0.757639
311,78294019,34,-0.648899,0.152280,0.757639
311,78294019,35,-0.668496,0.218163,0.757639
311,78294019,36,-0.717880,0.153028,0.709588
311,78294019,37,-0.684957,0.161264,0.733614
311,78294019,38,-0.646547,0.195703,0.757639
311,78294019,39,-0.689661,0.188216,0.733614
311,78294019,40,-0.696716,0.209179,0.709588
311,78294019,41,-0.740613,0.126076,0.733614
311,78294019,42,-0.660657,0.075167,0.685562
311,78294019,43,-0.648115,0.193457,0.757639
311,78294019,44,-0.664576,0.086397,0.733614
311,78294019,45,-0.648899,0.078910,0.757639
311,78294019,46,-0.738261,0.207681,0.757639
311,78294019,47,-0.593243,0.030995,0.733614
311,78294019,48,-0.608137,0.210676,0.830468
311,78294019,49,-0.700635,0.203938,0.685562
311,78294019,50,-0.703770,0.070675,0.733614
311,78294019,51,-0.692796,0.093883,0.661536
311,78294019,52,-0.630085,0.019016,0.733614
311,78294019,53,-0.643411,0.102119,0.709588
311,78294019,54,-0.705338,0.215917,0.733614
311,78294019,55,-0.709258,0.131317,0.709588
311,78294628,0,-0.429411,0.160515,0.902545
311,78294628,1,-0.407463,0.126825,0.902545
311,78294628,2,-0.440386,0.117092,0.878519
311,78294628,3,-0.449792,0.191211,0.854494
311,78294628,4,-0.329074,0.104365,0.926571
311,78294628,5,-0.467822,0.147039,0.878519
311,78294628,6,-0.447441,0.111103,0.854494
311,78294628,7,-0.468605,0.090889,0.854494
311,78294628,8,-0.409030,0.154526,0.878519
311,78294628,9,-0.507800,0.062439,0.926571
311,78294628,10,-0.487419,0.127574,0.854494
311,78294628,11,-0.513287,0.093135,0.854494
311,78294628,12,-0.483499,0.150782,0.854494
311,78294628,13,-0.411382,0.114097,0.878519
311,78294628,14,-0.383946,0.144044,0.902545
311,78294628,15,-0.484283,0.164258,0.878519
311,78294628,16,-0.430979,0.172494,0.854494
311,78294628,17,-0.422356,0.101370,0.878519
311,78294628,18,-0.491338,0.094632,0.854494
311,78294628,19,-0.309477,0.163510,0.950597
311,78294628,20,-0.429411,0.090889,0.902545
311,78294628,21,-0.462334,0.117841,0.806442
311,78294628,22,-0.502312,0.127574,0.878519
311,78294628,23,-0.484283,0.114846,0.854494
311,78294628,24,-0.463902,0.138804,0.854494
311,78294628,25,-0.463902,0.129071,0.878519
311,78294628,26,-0.445873,0.123830,0.878519
311,78294628,27,-0.455279,0.132814,0.878519
311,78294628,28,-0.480364,0.138804,0.854494
311,78294628,29,-0.496041,0.154526,0.830468
311,78294628,30,-0.465470,0.127574,0.878519
311,78294628,31,-0.423924,0.150034,0.878519
311,78294628,32,-0.419221,0.159766,0.926571
311,78294628,33,-0.496041,0.132814,0.878519
311,78294628,34,-0.488203,0.149285,0.878519
311,78294628,35,-0.420005,0.090889,0.854494
311,78294628,36,-0.511719,0.134312,0.902545
311,78294628,37,-0.535236,0.125328,0.830468
311,78294628,38,-0.420005,0.067680,0.854494
311,78294628,39,-0.406679,0.239126,0.926571
311,78294628,40,-0.507016,0.126825,0.854494
311,78294628,41,-0.467822,0.117092,0.878519
311,78294628,42,-0.449008,0.064685,0.878519
311,78294628,43,-0.433331,0.171745,0.878519
311,78294628,44,-0.458415,0.141798,0.854494
311,78294628,45,-0.449008,0.242869,0.830468
311,78294628,46,-0.457631,0.016770,0.854494
311,78294628,47,-0.541507,0.092386,0.830468
311,78294628,48,-0.409814,0.151531,0.878519
311,78294628,49,-0.341616,0.105862,0.926571
311,78294628,50,-0.445873,0.135809,0.926571
311,78294628,51,-0.439602,0.087145,0.854494
311,78294628,52,-0.386298,0.365651,0.854494
311,78294628,53,-0.471741,0.022760,0.902545
311,78294628,54,-0.562671,0.051958,0.782416
311,78294628,55,-0.529748,0.130568,0.854494
311,78294628,56,-0.402759,0.071423,0.926571
311,78294628,57,-0.372972,0.220409,0.902545
311,78295238,0,-0.043741,-0.079060,0.154741
311,78295238,1,0.098926,0.020514,0.396501
311,78295238,2,0.340362,0.040728,1.143554
311,78295238,3,-0.115858,0.192708,1.698401
311,78295238,4,-0.419221,0.138055,1.843307
311,78295238,5,-0.202085,0.204687,1.288460
311,78295238,6,-0.288312,0.083402,0.034612
311,78295238,7,-0.010818,-0.126975,0.275621
311,78295238,8,0.269813,0.136558,0.782416
311,78295238,9,0.145959,0.209179,1.312486
311,78295238,10,-0.267147,0.031744,1.722427
311,78295238,11,-0.246766,0.209179,1.722427
311,78295238,12,-0.309477,0.082653,0.685562
311,78295238,13,-0.038254,-0.030396,0.154741
311,78295238,14,0.060516,-0.070824,0.468579
311,78295238,15,0.304304,0.129071,1.216383
311,78295238,16,-0.097829,0.161264,1.722427
311,78295238,17,-0.388649,0.263083,1.940161
311,78295238,18,-0.247550,0.127574,1.336512
311,78295238,19,-0.300854,0.012278,0.034612
311,78295238,20,-0.012385,-0.011679,0.299647
311,78295238,21,0.341146,0.098375,0.902545
311,78295238,22,0.045622,0.136558,1.529469
311,78295238,23,-0.397272,0.095381,1.867332
311,78295238,24,-0.245199,0.202441,1.674375
311,78295238,25,-0.284393,0.045220,0.444553
311,78295238,26,-0.046876,-0.087295,0.178767
311,78295238,27,0.142824,0.052706,0.589459
311,78295238,28,0.279219,0.136558,1.168331
311,78295238,29,-0.121345,0.006289,1.650349
311,78295238,30,-0.365917,0.173242,1.771229
311,78295238,31,-0.176217,0.055701,1.023425
311,78295238,32,-0.219331,0.106611,0.034612
311,78295238,33,-0.002195,0.013776,0.251595
311,78295238,34,0.232186,0.048963,0.661536
311,78295238,35,0.187505,0.162012,1.192357
311,78295238,36,-0.209924,0.025006,1.650349
311,78295238,37,-0.293799,0.135060,1.650349
311,78295238,38,-0.245199,0.092386,0.685562
311,78295238,39,-0.030415,0.008535,0.010586
311,78295238,40,0.073058,0.039979,0.299647
311,78295238,41,0.340362,0.090140,0.782416
311,78295238,42,0.065219,0.134312,1.409340
311,78295238,43,-0.295367,0.152280,1.771229
311,78295238,44,-0.202869,0.162012,1.505443
311,78295238,45,-0.325939,0.056450,0.420527
311,78295238,46,-0.024927,-0.046118,0.178767
311,78295238,47,0.124794,0.028749,0.444553
311,78295238,48,0.317630,0.060942,1.047451
311,78295238,49,-0.021792,0.126825,1.626323
311,78295238,50,-0.374539,0.130568,1.819281
311,78295238,51,-0.184840,0.137306,1.119528
311,78295238,52,-0.276554,0.018268,0.058638
311,78295238,53,0.006428,0.040728,0.227570
311,78295238,54,0.235322,-0.044621,0.709588
311,78295238,55,0.229051,0.138804,1.288460
311,78295238,56,-0.220898,0.111851,1.747203
311,78295238,57,-0.249902,0.175489,1.698401
311,78295848,0,-0.120561,0.039979,0.999399
311,78295848,1,-0.102532,0.048963,1.047451
311,78295848,2,-0.088422,0.049712,1.023425
311,78295848,3,-0.071177,0.042974,0.999399
311,78295848,4,-0.075096,0.015273,0.975374
311,78295848,5,-0.086070,0.011530,0.950597
311,78295848,6,-0.104884,0.007038,0.926571
311,78295848,7,-0.112722,0.010781,0.902545
311,78295848,8,-0.132320,0.007038,0.926571
311,78295848,9,-0.144078,0.010781,0.926571
311,78295848,10,-0.151133,0.008535,0.950597
311,78295848,11,-0.137023,0.011530,0.975374
311,78295848,12,-0.136239,0.015273,0.975374
311,78295848,13,-0.124481,0.013027,0.975374
311,78295848,14,-0.115858,0.012278,0.999399
311,78295848,15,-0.107235,0.029498,0.999399
311,78295848,16,-0.107235,0.028000,1.023425
311,78295848,17,-0.107235,0.033241,1.071477
311,78295848,18,-0.096261,0.042974,1.095503
311,78295848,19,-0.087638,0.045968,1.119528
311,78295848,20,-0.076664,0.044471,1.119528
311,78295848,21,-0.087638,0.028000,1.071477
311,78295848,22,-0.108803,0.002545,1.023425
311,78295848,23,-0.129968,-0.022161,0.950597
311,78295848,24,-0.142510,-0.018417,0.902545
311,78295848,25,-0.155052,-0.008685,0.902545
311,78295848,26,-0.155052,0.010032,0.926571
311,78295848,27,-0.137807,0.020514,0.975374
311,78295848,28,-0.104884,0.028749,0.999399
311,78295848,29,-0.081367,0.025006,0.999399
311,78295848,30,-0.065689,0.026503,0.999399
311,78295848,31,-0.058634,0.024257,0.975374
311,78295848,32,-0.066473,0.016022,0.975374
311,78295848,33,-0.087638,0.011530,0.950597
311,78295848,34,-0.105667,0.002545,0.926571
311,78295848,35,-0.122129,0.010781,0.926571
311,78295848,36,-0.150349,0.009284,0.950597
311,78295848,37,-0.164459,0.016022,0.950597
311,78295848,38,-0.162107,0.033241,0.975374
311,78295848,39,-0.145646,0.051958,0.975374
311,78295848,40,-0.104884,0.048214,0.975374
311,78295848,41,-0.080583,0.025754,0.950597
311,78295848,42,-0.068041,0.016022,0.926571
311,78295848,43,-0.045308,0.004791,0.926571
311,78295848,44,-0.035902,-0.017669,0.926571
311,78295848,45,-0.032766,-0.018417,0.926571
311,78295848,46,-0.050796,-0.001947,0.950597
311,78295848,47,-0.065689,0.007786,0.950597
311,78295848,48,-0.110371,0.009284,0.950597
311,78295848,49,-0.142510,0.039230,0.975374
311,78295848,50,-0.170730,0.062439,0.999399
311,78295848,51,-0.170730,0.069177,1.047451
311,78295848,52,-0.137023,0.075915,1.071477
311,78295848,53,-0.111939,0.043722,1.071477
311,78295848,54,-0.090774,0.008535,1.071477
311,78295848,55,-0.076664,-0.005690,1.047451
311,78295848,56,-0.082151,-0.007187,0.999399
311,78295848,57,-0.097045,-0.007936,0.975374
311,78296478,0,-0.047660,0.004791,0.878519
311,78296478,1,-0.035118,-0.049113,0.806442
311,78296478,2,-0.039821,-0.073070,0.806442
311,78296478,3,-0.042173,-0.069327,0.806442
311,78296478,4,-0.061770,-0.057348,0.830468
311,78296478,5,-0.059418,0.009284,0.902545
311,78296478,6,-0.064906,0.039979,0.950597
311,78296478,7,-0.065689,0.040728,0.999399
311,78296478,8,-0.075096,0.045968,1.023425
311,78296478,9,-0.061770,0.049712,1.023425
311,78296478,10,-0.057851,0.048963,1.023425
311,78296478,11,-0.032766,0.033241,1.023425
311,78296478,12,-0.034334,-0.032642,1.023425
311,78296478,13,-0.038254,-0.031893,1.023425
311,78296478,14,-0.037470,-0.013925,0.999399
311,78296478,15,-0.063338,-0.014674,0.999399
311,78296478,16,-0.065689,0.004791,0.975374
311,78296478,17,-0.063338,0.025006,0.975374
311,78296478,18,-0.035118,0.030995,0.950597
311,78296478,19,-0.028063,0.019765,0.950597
311,78296478,20,-0.025711,0.007786,0.950597
311,78296478,21,-0.021792,-0.007187,0.975374
311,78296478,22,-0.038254,-0.028150,0.975374
311,78296478,23,-0.031982,-0.021412,0.999399
311,78296478,24,-0.034334,-0.001198,0.999399
311,78296478,25,-0.035118,0.010032,1.023425
311,78296478,26,-0.045308,0.020514,1.047451
311,78296478,27,-0.075880,0.044471,1.023425
311,78296478,28,-0.096261,0.059444,1.047451
311,78296478,29,-0.113506,0.070675,1.023425
311,78296478,30,-0.111939,0.058696,1.023425
311,78296478,31,-0.097045,0.057198,1.023425
311,78296478,32,-0.071960,0.027252,1.071477
311,78296478,33,-0.039821,0.015273,1.071477
311,78296478,34,-0.021792,0.023508,1.071477
311,78296478,35,-0.013169,0.007786,1.047451
311,78296478,36,-0.011601,-0.010931,1.023425
311,78296478,37,-0.017873,-0.031893,0.975374
311,78296478,38,-0.048444,-0.021412,0.950597
311,78296478,39,-0.089206,-0.021412,0.926571
311,78296478,40,-0.128400,-0.026653,0.902545
311,78296478,41,-0.122129,-0.013925,0.950597
311,78296478,42,-0.082151,0.000299,1.047451
311,78296478,43,-0.042957,0.026503,1.119528
311,78296478,44,-0.019440,0.019765,1.143554
311,78296478,45,-0.006114,0.030246,1.119528
311,78296478,46,-0.030415,0.013027,1.047451
311,78296478,47,-0.042173,-0.007936,0.999399
311,78296478,48,-0.052363,-0.034888,0.902545
311,78296478,49,-0.046876,-0.040129,0.830468
311,78296478,50,-0.050796,-0.048364,0.806442
311,78296478,51,-0.053931,-0.053605,0.782416
311,78296478,52,-0.052363,-0.057348,0.830468
311,78296478,53,-0.049228,-0.059594,0.878519
311,78296478,54,-0.042957,-0.049113,0.926571
311,78296478,55,-0.045308,-0.022909,0.999399
311,78296478,56,-0.060986,0.016022,1.047451
311,78296478,57,-0.075880,0.038482,1.071477
311,78297089,0,-0.006898,0.045220,0.999399
311,78297089,1,-0.024927,0.035487,1.023425
311,78297089,2,-0.029631,0.024257,1.023425
311,78297089,3,-0.034334,0.007786,1.023425
311,78297089,4,-0.031199,-0.006439,1.023425
311,78297089,5,-0.023360,0.003294,0.999399
311,78297089,6,-0.018656,0.021262,0.999399
311,78297089,7,-0.013953,0.048214,0.999399
311,78297089,8,-0.015521,0.070675,0.975374
311,78297089,9,-0.013953,0.081905,0.950597
311,78297089,10,-0.021792,0.074418,0.950597
311,78297089,11,-0.027279,0.065434,0.950597
311,78297089,12,-0.030415,0.052706,0.975374
311,78297089,13,-0.048444,0.029498,0.999399
311,78297089,14,-0.039821,0.010781,1.023425
311,78297089,15,-0.048444,0.006289,1.023425
311,78297089,16,-0.050796,0.017519,1.023425
311,78297089,17,-0.039821,0.035487,0.975374
311,78297089,18,-0.035118,0.073669,0.950597
311,78297089,19,-0.015521,0.098375,0.950597
311,78297089,20,-0.010034,0.087894,0.926571
311,78297089,21,-0.017089,0.080407,0.950597
311,78297089,22,-0.020224,0.058696,0.975374
311,78297089,23,-0.025711,0.020514,0.999399
311,78297089,24,-0.012385,0.013776,1.023425
311,78297089,25,-0.019440,0.014524,1.023425
311,78297089,26,-0.023360,0.025754,0.999399
311,78297089,27,-0.031982,0.031744,0.975374
311,78297089,28,-0.036686,0.029498,0.975374
311,78297089,29,-0.035902,0.049712,0.950597
311,78297089,30,-0.033550,0.051209,0.950597
311,78297089,31,-0.030415,0.039979,0.950597
311,78297089,32,-0.013953,0.042974,0.950597
311,78297089,33,-0.006898,0.039230,0.950597
311,78297089,34,0.011131,0.037733,0.950597
311,78297089,35,0.021322,0.035487,0.975374
311,78297089,36,-0.004547,0.030995,0.999399
311,78297089,37,-0.024927,0.034738,0.999399
311,78297089,38,-0.057067,0.025006,1.023425
311,78297089,39,-0.073528,0.036984,1.047451
311,78297089,40,-0.074312,0.054204,1.071477
311,78297089,41,-0.063338,0.069926,1.071477
311,78297089,42,-0.050796,0.075167,1.071477
311,78297089,43,-0.033550,0.069926,1.047451
311,78297089,44,-0.025711,0.063937,0.999399
311,78297089,45,-0.005330,0.048963,0.950597
311,78297089,46,0.004860,0.022760,0.926571
311,78297089,47,0.007212,0.012278,0.926571
311,78297089,48,0.013483,0.025006,0.926571
311,78297089,49,0.015834,0.029498,0.950597
311,78297707,0,0.033080,0.188216,1.119528
311,78297707,1,0.023673,0.173991,1.143554
311,78297707,2,0.026025,0.180729,1.143554
311,78297707,3,0.059732,0.238377,1.119528
311,78297707,4,0.039351,0.156023,1.119528
311,78297707,5,0.033080,0.185970,1.119528
311,78297707,6,0.032296,0.207681,1.119528
311,78297707,7,0.033864,0.197949,1.119528
311,78297707,8,0.027593,0.229393,1.119528
311,78297707,9,0.013483,0.206933,1.119528
311,78297707,10,0.015051,0.182227,1.095503
311,78297707,11,0.023673,0.215917,1.071477
311,78297707,12,-0.031982,0.133563,1.095503
311,78297707,13,0.021322,0.230141,1.119528
311,78297707,14,-0.004547,0.204687,1.095503
311,78297707,15,0.015834,0.208430,1.095503
311,78297707,16,0.017402,0.188965,1.095503
311,78297707,17,0.010347,0.197200,1.095503
311,78297707,18,-0.002979,0.193457,1.071477
311,78297707,19,0.018970,0.182227,1.047451
311,78297707,20,0.018970,0.185970,1.023425
311,78297707,21,0.013483,0.165756,1.023425
311,78297707,22,0.024457,0.194954,0.999399
311,78297707,23,0.017402,0.163510,0.999399
311,78297707,24,0.030728,0.182227,0.999399
311,78297707,25,0.018970,0.179232,0.975374
311,78297707,26,0.026809,0.192708,0.975374
311,78297707,27,0.029160,0.153028,0.950597
311,78297707,28,0.051109,0.144044,0.975374
311,78297707,29,0.044054,0.170248,0.950597
311,78297707,30,0.086384,0.223403,0.950597
311,78297707,31,0.146743,-0.101520,0.950597
311,78297707,32,0.000157,0.380624,1.023425
311,78297707,33,0.111468,-0.096279,0.975374
311,78297707,34,-0.050796,0.385116,0.902545
311,78297707,35,0.280787,0.020514,0.999399
311,78297707,36,0.131849,0.324474,1.023425
311,78297707,37,0.198479,0.069177,0.999399
311,78297707,38,-0.033550,0.283297,1.047451
311,78297707,39,0.015834,0.169499,0.999399
311,78297707,40,0.038567,0.123082,0.999399
311,78297707,41,0.034648,0.196451,0.999399
311,78297707,42,-0.006114,0.141798,0.975374
311,78297707,43,0.019754,0.162761,0.999399
311,78297707,44,0.046406,0.185221,0.975374
311,78297707,45,0.036999,0.146290,0.975374
311,78297707,46,0.013483,0.151531,0.999399
311,78297707,47,-0.021792,0.126076,0.950597
311,78297707,48,0.001725,0.103616,0.902545
311,78297707,49,0.013483,0.189713,0.950597
311,78297707,50,0.018186,0.174740,0.999399
311,78297707,51,0.031512,0.144793,1.023425
311,78297707,52,0.032296,0.182975,1.071477
311,78297707,53,0.036999,0.174740,1.071477
311,78297707,54,0.033080,0.172494,1.119528
311,78297707,55,0.026809,0.215917,1.143554
311,78297707,56,0.023673,0.188216,1.143554
