344;1274596535000;52.291141799999998;4.8607255;-10;45.600000000000001;32.399999999999999;38.299999999999997;0.02;0.68000000000000005;0.13;175.90000000000001;0101000020E61000003F55850662711340D1BF6E2244254A40;0;4;8.5;6.3399999999999999
344;1274687319000;53.009162099999998;4.7194927;-1;30.800000000000001;3.6000000000000001;7.7999999999999998;-0.040000000000000001;0;-0.040000000000000001;57.799999999999997;0101000020E6100000CCD7C0B1C2E012406CEE43392C814A40;0;5;3.7999999999999998;0.41999999999999998
344;1274689167000;53.009130800000001;4.7192337000000002;-2;32.100000000000001;7.9000000000000004;7.5999999999999996;0.059999999999999998;-0.050000000000000003;0.029999999999999999;36.299999999999997;0101000020E61000006CB98ECC7EE0124073B1B3322B814A40;0;4;5.5999999999999996;0.52000000000000002
344;1274691010000;53.0091678;4.7193706999999998;-1;28.699999999999999;8.1999999999999993;7.5999999999999996;-0.02;0.01;-0.01;39.100000000000001;0101000020E610000071CD78B6A2E01240909614692C814A40;0;4;5.4000000000000004;0.45000000000000001
344;1274692917000;53.009226599999998;4.7194700000000003;-10;33.299999999999997;6.7999999999999998;7.5;0.23999999999999999;-0.13;0.23000000000000001;42;0101000020E6100000FFCF61BEBCE012406BA054562E814A40;0;4;4;4
344;1274694766000;53.009153099999999;4.719487;3;34.200000000000003;4.5;4.9000000000000004;-0.029999999999999999;0.070000000000000007;-0.22;66.799999999999997;0101000020E6100000AF963B33C1E012401994C4ED2B814A40;0;4;2.2999999999999998;3.0099999999999998
344;1274696646000;53.009170300000001;4.7195045999999996;-9;32.5;3.6000000000000001;7.7000000000000002;0.20999999999999999;0.14000000000000001;0.32000000000000001;105.5;0101000020E6100000474959D0C5E01240194C0D7E2C814A40;0;6;2.8999999999999999;3.0600000000000001
344;1274698638000;53.001877899999997;4.7342797000000001;39;20.5;999998.90000000002;999998.90000000002;7.2599999999999998;-3.3799999999999999;-4.6100000000000003;18.199999999999999;0101000020E61000007E778604E7EF1240E68AF7883D804A40;0;6;2.6000000000000001;3.4300000000000002
344;1274700463000;53.008235900000003;4.7181023;-4;22.300000000000001;4.0999999999999996;4.7999999999999998;0;0.02;0.01;34.799999999999997;0101000020E6100000C2BA963556DF12409A93BCDF0D814A40;0;5;2.6000000000000001;0.29999999999999999
344;1274702322000;53.008233599999997;4.7181312000000002;-2;26.899999999999999;5.7999999999999998;5.5999999999999996;-0.02;0.070000000000000007;0.01;37.600000000000001;0101000020E6100000EEF208C95DDF12403A5D71CC0D814A40;0;6;2.7999999999999998;3.1400000000000001
344;1274704139000;53.008214299999999;4.7181341000000003;-4;31.100000000000001;6.2999999999999998;7.7999999999999998;0;0;0.01;20.699999999999999;0101000020E6100000D091A68B5EDF124005EE8A2A0D814A40;0;5;5.2000000000000002;0.35999999999999999
344;1274706002000;53.008227300000001;4.7181417999999997;-5;30.300000000000001;6.2999999999999998;8.4000000000000004;0.16;-0.10000000000000001;0.040000000000000001;21.699999999999999;0101000020E6100000F28F639060DF12409A3798970D814A40;0;5;5.5;1.3300000000000001
344;1274707816000;53.0082369;4.7181104999999999;-3;29.5;4.7999999999999998;6.5999999999999996;0.13;0.12;0.39000000000000001;27.600000000000001;0101000020E610000026A8E15B58DF12406A0F20E80D814A40;0;5;3;3.0600000000000001
344;1274709652000;53.008234399999999;4.7180980000000003;-3;29.699999999999999;11.1;9.6999999999999993;0.11;-0.080000000000000002;0.040000000000000001;55.299999999999997;0101000020E6100000C34A051555DF1240E15927D30D814A40;0;5;7.9000000000000004;0.41999999999999998
344;1274711479000;53.0082588;4.7180948000000003;-1;29.199999999999999;4.2000000000000002;5.7000000000000002;-0.029999999999999999;0.01;0.20000000000000001;26.300000000000001;0101000020E6100000EDB5453E54DF1240BDF3D59F0E814A40;0;6;2.5;2.8999999999999999
344;1274713297000;53.008266300000003;4.7180879999999998;0;28;5;6;-0.059999999999999998;0;-0.040000000000000001;36.200000000000003;0101000020E6100000A699EE7552DF12405814C0DE0E814A40;0;6;3.3999999999999999;0.28000000000000003
344;1274715120000;53.008241099999999;4.7180909;4;26.199999999999999;6.0999999999999996;6.0999999999999996;1.6799999999999999;-0.089999999999999997;0.089999999999999997;35.100000000000001;0101000020E610000088388C3853DF1240D57D5B0B0E814A40;0;5;4.7000000000000002;1.1699999999999999
344;1274716929000;53.008220899999998;4.7181088999999998;7;26.399999999999999;8.9000000000000004;8.6999999999999993;0.02;0;0.01;20.199999999999999;0101000020E6100000BBDD81F057DF12406452E8610D814A40;0;5;7;0.44
344;1274718756000;53.0082576;4.7181286;-1;25.899999999999999;3.5;4.2999999999999998;0.070000000000000007;0.14000000000000001;0.26000000000000001;39;0101000020E6100000004A8D1A5DDF1240C3F8C4950E814A40;0;6;2.1000000000000001;2.77
344;1274720552000;53.008255699999999;4.7181328000000002;-2;23.5;3.5;6.2000000000000002;-0.10000000000000001;0.059999999999999998;-0.25;11.199999999999999;0101000020E610000059BD68345EDF1240B7C0D4850E814A40;0;6;2.7000000000000002;2.8900000000000001
344;1274722370000;53.008274900000004;4.7181069999999998;0;23.199999999999999;4;6;0.029999999999999999;0.050000000000000003;-0.02;11;0101000020E61000005C1D007157DF12405870E4260F814A40;0;6;2.7000000000000002;2.9500000000000002
344;1274724169000;53.008278599999997;4.7181040000000003;1;21.100000000000001;4.2999999999999998;4.5;-0.11;0.040000000000000001;-0.070000000000000007;12;0101000020E6100000D481ACA756DF1240DA20EE450F814A40;0;6;2.2999999999999998;2.8700000000000001
344;1274725992000;53.008262100000003;4.7180856000000002;-1;20;4.7999999999999998;5.4000000000000004;-0.01;-0.01;-0.01;42.600000000000001;0101000020E610000006EADED451DF1240EDA584BB0E814A40;0;5;3.7000000000000002;0.38
344;1274727840000;53.008237200000003;4.7181115;5;19.600000000000001;3.2000000000000002;4.2999999999999998;-0.14999999999999999;0.089999999999999997;0.11;66.200000000000003;0101000020E6100000A986FD9E58DF1240294EA4EA0D814A40;0;7;2;2.3700000000000001
344;1274729664000;53.008219599999997;4.7181097000000003;1;19.600000000000001;3.2000000000000002;5.2999999999999998;-0.059999999999999998;-0.11;0.34999999999999998;34.5;0101000020E6100000F1C2312658DF1240D59700570D814A40;0;7;2.2000000000000002;2.5800000000000001
344;1274731487000;53.008245100000003;4.7181040999999997;-2;19.199999999999999;4.2000000000000002;7.0999999999999996;0.40999999999999998;-0.029999999999999999;0.32000000000000001;33.5;0101000020E61000007A7E62AE56DF1240176DE92C0E814A40;0;5;3.2000000000000002;2.9700000000000002
344;1274733292000;53.008225099999997;4.7181220000000001;-1;19.300000000000001;5.4000000000000004;6.5999999999999996;-0.16;-0.12;0.01;14.6;0101000020E61000000727A25F5BDF1240CFC023850D814A40;0;4;3.3999999999999999;3.3300000000000001
344;1274735099000;53.008217700000003;4.7181277000000001;0;19.399999999999999;8;5.5999999999999996;-0.050000000000000003;-0.02;-0.01;29.399999999999999;0101000020E6100000246827DE5CDF1240CA5F10470D814A40;0;4;5.5;0.38
344;1274736912000;53.008222000000004;4.7180967000000003;-1;18.399999999999999;8.6999999999999993;8.8000000000000007;-0.20999999999999999;-0.01;0.10000000000000001;34.100000000000001;0101000020E61000004C76C7BD54DF1240CA8D226B0D814A40;0;6;4.7000000000000002;3.6899999999999999
344;1274738726000;53.0082728;4.7179855000000002;-19;17.800000000000001;11.300000000000001;15.4;-0.10000000000000001;-0.080000000000000002;-0.059999999999999998;24.199999999999999;0101000020E61000004302469737DF124022B946150F814A40;0;4;10.699999999999999;0.5
344;1274740596000;53.008213099999999;4.7181319000000004;-8;19.399999999999999;3.8999999999999999;6;-0.029999999999999999;-0.050000000000000003;-0.029999999999999999;28;0101000020E61000007DDB02F85DDF12400BF379200D814A40;0;7;3;6.1200000000000001
344;1274742395000;53.008220700000003;4.7181278000000004;0;19.100000000000001;3.6000000000000001;5.7999999999999998;-0.029999999999999999;-0.10000000000000001;0.10000000000000001;13.199999999999999;0101000020E6100000CB64DDE45CDF12403BD33A600D814A40;0;7;2.6000000000000001;2.7000000000000002
344;1274744218000;53.008227499999997;4.7181305;0;18.600000000000001;4.5;4.7999999999999998;0.01;-0.050000000000000003;-0.12;12.199999999999999;0101000020E61000005F0A0F9A5DDF1240C3B645990D814A40;0;7;2.2999999999999998;2.7599999999999998
344;1274746180000;53.008285100000002;4.7182421000000003;19;19.199999999999999;6.2999999999999998;10.699999999999999;-0.01;-0.01;-0.01;21.899999999999999;0101000020E6100000037168DB7ADF1240A5C5747C0F814A40;0;5;5.9000000000000004;0.48999999999999999
344;1274748002000;53.008229300000004;4.7184515999999999;32;19.800000000000001;9.3000000000000007;11.1;-0.050000000000000003;-0.059999999999999998;-0.050000000000000003;35.700000000000003;0101000020E61000001609B7C6B1DF12403B2F5FA80D814A40;0;5;4.5999999999999996;1.55
344;1274749902000;53.008259700000004;4.7181856;3;20.199999999999999;4;7.4000000000000004;0;-0.029999999999999999;-0.050000000000000003;31.699999999999999;0101000020E610000022D5C10B6CDF1240F9AF62A70E814A40;0;5;3.2999999999999998;2.9100000000000001
344;1274751714000;53.008255300000002;4.7182200999999999;4;20.300000000000001;6.2000000000000002;11.300000000000001;0.32000000000000001;-0.080000000000000002;0.02;19.699999999999999;0101000020E6100000C451031775DF124064C279820E814A40;0;4;4.4000000000000004;3.5699999999999998
344;1274753556000;53.008243499999999;4.7181607000000003;-2;20.899999999999999;8.5999999999999996;9.8000000000000007;0.14999999999999999;-0.14999999999999999;0.070000000000000007;53.399999999999999;0101000020E61000000217BF8465DF1240C9737D1F0E814A40;0;4;4.5;3.96
344;1274755382000;53.008247599999997;4.7181306999999997;-1;22.300000000000001;11.1;8;0.13;-0.10000000000000001;0.070000000000000007;23.600000000000001;0101000020E6100000AC037BA75DDF12409F22E2410E814A40;0;4;5;4.2400000000000002
344;1274757252000;53.008240999999998;4.7181721999999997;-3;23.5;11.5;8.8000000000000007;-0.27000000000000002;0.14000000000000001;0.029999999999999999;37.299999999999997;0101000020E6100000E2957F8868DF124040BE840A0E814A40;0;5;4.5999999999999996;4.3099999999999996
344;1274759095000;53.008225099999997;4.7181154999999997;-3;22.800000000000001;3.1000000000000001;4.2999999999999998;0;0;-0.01;40.100000000000001;0101000020E6100000B4006DAB59DF1240CFC023850D814A40;0;5;2.7000000000000002;0.28000000000000003
344;1274760940000;53.008231700000003;4.7181379999999997;0;25.199999999999999;2.2000000000000002;3.6000000000000001;0;0;0;45.200000000000003;0101000020E6100000340F60915FDF12402F2581BC0D814A40;0;7;2;0.23000000000000001
344;1274762750000;53.008236799999999;4.7181291999999999;0;26.199999999999999;3.1000000000000001;5.2999999999999998;-0.11;0.14999999999999999;0.070000000000000007;31.100000000000001;0101000020E6100000E835D1425DDF1240D54F49E70D814A40;0;7;2.2999999999999998;2.52
344;1274764556000;53.008249999999997;4.7181324;2;30.800000000000001;3.2000000000000002;4.0999999999999996;-0.28999999999999998;0.059999999999999998;-0.19;13.300000000000001;0101000020E6100000BECA90195EDF1240931804560E814A40;0;7;1.8999999999999999;2.3500000000000001
344;1274766354000;53.008254299999997;4.7181153;1;33.600000000000001;4.2999999999999998;4.2999999999999998;0.14999999999999999;0.080000000000000002;-0.029999999999999999;19;0101000020E61000006707019E59DF12409346167A0E814A40;0;6;2.1000000000000001;2.71
344;1274768176000;53.0082564;4.7181158999999999;0;35;3.7999999999999998;3.5;0.17000000000000001;0.029999999999999999;0.16;33;0101000020E61000004FF344C659DF1240C9FDB38B0E814A40;0;7;1.5;2.21
344;1274770061000;53.004506399999997;4.7356952000000003;5;18;9.5999999999999996;14.4;1.96;0.88;0.089999999999999997;93.299999999999997;0101000020E6100000F64B1F155AF11240B44F6CAA93804A40;0;5;7.4000000000000004;3.1299999999999999
344;1274771886000;52.9845878;4.7989715000000004;195;15.699999999999999;2.8999999999999999;4.4000000000000004;8.6199999999999992;12.470000000000001;-6.5300000000000002;30.800000000000001;0101000020E610000088BEBB9525321340328518F9067E4A40;0;7;2.2999999999999998;0.44
344;1274773708000;52.979721599999998;4.8446246999999998;-10;17.199999999999999;3.7000000000000002;6.2999999999999998;2.1099999999999999;-6.3300000000000001;-1.1100000000000001;12.800000000000001;0101000020E610000043931F4CE5601340A7977384677D4A40;0;6;3.2000000000000002;4.1500000000000004
344;1274775510000;52.979943900000002;4.8349684000000002;-9;19.5;3.8999999999999999;3.8999999999999999;0.45000000000000001;0.20000000000000001;0.17999999999999999;22.699999999999999;0101000020E610000017C6CCF40157134015353DCD6E7D4A40;0;6;1.8999999999999999;2.4700000000000002
344;1274777326000;52.984162400000002;4.8332636000000004;-13;19;9.8000000000000007;5.9000000000000004;-0.23000000000000001;-0.01;0.14000000000000001;14.699999999999999;0101000020E6100000F6C99B0D43551340F8F99408F97D4A40;0;6;3.7000000000000002;3.75
344;1274779183000;52.997237200000001;4.7712203999999998;-4;26.100000000000001;22;8.3000000000000007;2.7999999999999998;-8.0600000000000005;-0.88;63.200000000000003;0101000020E61000003B08F0CCBA151340642DF477A57F4A40;0;5;4.5;4.75
344;1274781072000;53.006603400000003;4.7129402999999996;-11;31.5;14;9.5999999999999996;1.23;-0.01;-0.47999999999999998;32.299999999999997;0101000020E61000007000A2050DDA12406E855561D8804A40;0;4;5;4.9400000000000004
344;1274782954000;53.008220399999999;4.718127;-4;30.399999999999999;4.7000000000000002;4.2999999999999998;0.01;0.02;-0.089999999999999997;89.900000000000006;0101000020E6100000957F2DAF5CDF12407C94B65D0D814A40;0;6;2.6000000000000001;1.02
344;1274784144000;53.008233500000003;4.7181281000000004;-2;36.299999999999997;4.2999999999999998;9.3000000000000007;-0.029999999999999999;-0.10000000000000001;0.080000000000000002;32.299999999999997;0101000020E6100000BF5AFFF85CDF1240A69D9ACB0D814A40;0;5;3.2000000000000002;3.29
344;1274785111000;53.008299999999998;4.7180514999999996;-52;37.299999999999997;6.0999999999999996;6;49.710000000000001;8.8000000000000007;36.240000000000002;71;0101000020E6100000FE5F75E448DF1240454772F90F814A40;0;6;2.3999999999999999;3.4700000000000002
344;1274786163000;53.023167000000001;4.7191115000000003;0;19.600000000000001;6.5;15.1;0;0.35999999999999999;-0.10000000000000001;162;0101000020E6100000C4B5DAC35EE0124058ACE122F7824A40;0;5;2.6000000000000001;1
344;1274786464000;53.023181000000001;4.7182803;-2;20.399999999999999;4.7000000000000002;4.9000000000000004;-0.14000000000000001;0.77000000000000002;0.34999999999999998;16.300000000000001;0101000020E6100000BC71F7DE84DF1240BD715298F7824A40;0;5;2.1000000000000001;3.3700000000000001
344;1274786763000;53.023135199999999;4.7181245000000001;1;24.399999999999999;4.0999999999999996;4.5;0.070000000000000007;-0.26000000000000001;0.10000000000000001;11.300000000000001;0101000020E61000004ED367075CDF124076B11F18F6824A40;0;5;2.1000000000000001;2.73
344;1274787531000;53.0231213;4.7181248;3;30.5;3.5;5.2000000000000002;-0.040000000000000001;0.01;-0.02;27.100000000000001;0101000020E610000042C9891B5CDF1240A6AB85A3F5824A40;0;5;3.6000000000000001;0.68999999999999995
344;1274787825000;53.0231219;4.7181199999999999;-3;31.100000000000001;4.2000000000000002;6.2999999999999998;0.44;0.070000000000000007;0.57999999999999996;17.199999999999999;0101000020E6100000016A6AD95ADF124023298EA8F5824A40;0;6;2;2.96
344;1274788598000;53.020265999999999;4.7188939000000003;-2;27.699999999999999;3.2000000000000002;3;0.01;-0.02;0.01;22.100000000000001;0101000020E6100000F32CF7B825E01240419C871398824A40;0;6;2.6000000000000001;0.28000000000000003
344;1274788894000;53.020311;4.7189034000000003;-10;28.5;5.2999999999999998;6.5999999999999996;0.01;0;0.02;14.199999999999999;0101000020E6100000CEEE7F3628E01240E15F048D99824A40;0;7;1.8;0.88
344;1274789286000;53.008225299999999;4.7181721999999997;0;21.300000000000001;3;3.2000000000000002;0.01;0.02;-0.01;117.2;0101000020E6100000E2957F8868DF1240F93FD1860D814A40;0;9;1.5;0.28000000000000003
344;1274790192000;53.0082308;4.7181452999999998;-2;28.100000000000001;6.4000000000000004;5.2999999999999998;-0.11;-0.02;0.28999999999999998;16.199999999999999;0101000020E6100000BC1A457B61DF1240F368F4B40D814A40;0;8;2.8999999999999999;3.4399999999999999
344;1274791111000;53.008210800000001;4.7181082999999999;-2;28.699999999999999;6.2999999999999998;5.7999999999999998;0.40999999999999998;0.040000000000000001;-0.17000000000000001;23;0101000020E6100000D3F13DC857DF1240ACBC2E0D0D814A40;0;7;3;3.54
344;1274792049000;53.0082168;4.7181069000000004;-3;25.800000000000001;5.5999999999999996;5.9000000000000004;0.11;-0.040000000000000001;0.34000000000000002;17.100000000000001;0101000020E6100000B6204A6A57DF12408EA3833F0D814A40;0;7;2.7000000000000002;3.3100000000000001
344;1274792970000;53.008210699999999;4.7181214000000002;-7;25.5;5.2999999999999998;7.0999999999999996;0.25;-0.13;-0.20000000000000001;25.899999999999999;0101000020E61000001F3B5E375BDF124017FD570C0D814A40;0;6;3.2999999999999998;3.46
344;1274793884000;53.008246900000003;4.7181582999999998;-7;25.699999999999999;9;10.6;0.46000000000000002;-0.14999999999999999;0.59999999999999998;27.899999999999999;0101000020E61000006167AFE364DF12408EE5023C0E814A40;0;6;2.6000000000000001;4.1299999999999999
344;1274794783000;53.008231199999997;4.7180666000000002;-10;25.300000000000001;10;11.699999999999999;0.01;0;0.01;14.9;0101000020E61000005066CDD94CDF124046674FB80D814A40;0;6;2.2000000000000002;1.03
344;1274795701000;53.008236099999998;4.7181806000000002;-2;24.899999999999999;14.6;13.1;0.070000000000000007;0.050000000000000003;0.050000000000000003;20.800000000000001;0101000020E6100000947C36BC6ADF1240C3126AE10D814A40;0;5;9.4000000000000004;0.68999999999999995
344;1274796636000;53.008246499999998;4.7181122000000002;-1;26.199999999999999;3.2000000000000002;4;-0.070000000000000007;-0.13;-0.040000000000000001;43.600000000000001;0101000020E6100000386FF7CD58DF12403AE7A7380E814A40;0;9;1.3999999999999999;2.3500000000000001
344;1274797563000;53.008233400000002;4.7180948999999996;-5;26.899999999999999;3.2000000000000002;4.7000000000000002;0.33000000000000002;0;0.080000000000000002;26.600000000000001;0101000020E610000093B2FB4454DF124011DEC3CA0D814A40;0;7;2;2.54
344;1274798463000;53.0082466;4.7181246000000003;-3;27.199999999999999;3;4.5;0.040000000000000001;0.01;0;14.699999999999999;0101000020E6100000F5CF1D0E5CDF1240CFA67E390E814A40;0;8;1.8999999999999999;2.3100000000000001
344;1274799380000;53.008234399999999;4.7181328999999996;-7;28;4.7000000000000002;7.5;0.10000000000000001;0.01;-0.20000000000000001;19.600000000000001;0101000020E6100000FFB91E3B5EDF1240E15927D30D814A40;0;6;3;2.9900000000000002
344;1274800296000;53.008217600000002;4.7181205999999998;-8;28.899999999999999;4.2000000000000002;6.7000000000000002;0.050000000000000003;-0.059999999999999998;0.14000000000000001;23.600000000000001;0101000020E6100000E955AE015BDF124035A039460D814A40;0;6;2.6000000000000001;2.8500000000000001
344;1274801204000;53.008242699999997;4.7181490000000004;-14;26;10;5.7999999999999998;0.080000000000000002;-0.01;-0.050000000000000003;19.600000000000001;0101000020E6100000D49E927362DF12402277C7180E814A40;0;6;1.8999999999999999;2.54
344;1274802132000;53.008292300000001;4.7181348999999999;0;24.699999999999999;7.5;5.5999999999999996;-0.22;0.070000000000000007;0.070000000000000007;35.399999999999999;0101000020E6100000057756C15EDF124081A7DAB80F814A40;0;6;3.3999999999999999;3.5800000000000001
344;1274803051000;53.008289900000001;4.7181489000000001;-2;24.100000000000001;7.2999999999999998;4.5999999999999996;0.059999999999999998;-0.11;0.19;26.5;0101000020E61000002DA2DC6C62DF12408DB1B8A40F814A40;0;6;3.2999999999999998;3.6800000000000002
344;1274803960000;53.008296899999998;4.7181416;1;23.800000000000001;6;4.2000000000000002;0.10000000000000001;-0.02;0.059999999999999998;23.5;0101000020E6100000A596F78260DF12403F1471DF0F814A40;0;6;2.7999999999999998;3.2200000000000002
344;1274805004000;53.008270699999997;4.7181439000000003;-2;23.300000000000001;5;4.4000000000000004;-0.040000000000000001;0.029999999999999999;0.17999999999999999;11.5;0101000020E61000009F49511D61DF1240EC01A9030F814A40;0;6;2.5;3.27
344;1274805900000;53.008264400000002;4.7181258000000001;-1;22.800000000000001;4.7999999999999998;5.7000000000000002;-0.050000000000000003;-0.12;0.38;11.5;0101000020E6100000C5A7A55E5CDF12404CDCCFCE0E814A40;0;5;2.6000000000000001;3.1600000000000001
344;1274806821000;53.008306699999999;4.7181506999999998;-1;22.399999999999999;7.7000000000000002;5.7999999999999998;0.31;-0.080000000000000002;0.040000000000000001;20.300000000000001;0101000020E6100000E565A8E562DF1240396BA63110814A40;0;5;3.7999999999999998;3.73
344;1274807736000;53.008268999999999;4.7181176000000002;0;22.199999999999999;4;5.2000000000000002;0.68999999999999995;-0.14000000000000001;-0.02;23.199999999999999;0101000020E610000061BA5A385ADF12400A4966F50E814A40;0;6;2.2000000000000002;2.71
344;1274808647000;53.0082302;4.7181293000000002;-3;21.800000000000001;9.5;9.5;-0.070000000000000007;-0.050000000000000003;-0.040000000000000001;22.199999999999999;0101000020E61000008F3287495DDF124076EBEBAF0D814A40;0;4;7.5999999999999996;0.46999999999999997
344;1274809559000;53.008223999999998;4.7181119999999996;-5;21.100000000000001;7.4000000000000004;9.5;-0.02;-0.02;-0.01;22.199999999999999;0101000020E6100000EA758BC058DF12406A85E97B0D814A40;0;4;6.9000000000000004;0.45000000000000001
344;1274810470000;53.008243499999999;4.7180409000000001;-9;21;7;10.4;-0.01;-0.02;-0.02;21.199999999999999;0101000020E6100000FAC21A1D46DF1240C9737D1F0E814A40;0;4;7.2000000000000002;0.40000000000000002
344;1274811391000;53.008234199999997;4.7180235000000001;-9;21;8.3000000000000007;11.1;-0.02;-0.040000000000000001;-0.050000000000000003;30.100000000000001;0101000020E6100000AF09698D41DF1240B7DA79D10D814A40;0;4;8;0.40000000000000002
344;1274812302000;53.008240499999999;4.7180115999999996;-7;20.300000000000001;10.9;11.9;0.080000000000000002;-0.059999999999999998;-0.11;29;0101000020E61000003398D06E3EDF1240580053060E814A40;0;4;9.3000000000000007;0.46999999999999997
344;1274813232000;53.008254899999997;4.7180637000000001;-1;20.199999999999999;4.9000000000000004;5.2999999999999998;0.10000000000000001;-0.080000000000000002;0.01;46.899999999999999;0101000020E61000006EC72F174CDF124010C41E7F0E814A40;0;6;2.7999999999999998;2.79
344;1274814146000;53.008252900000002;4.7180679000000003;-2;19.899999999999999;4.9000000000000004;5.7000000000000002;0.13;0.17999999999999999;0.20999999999999999;17;0101000020E6100000C73A0B314DDF124070CC576E0E814A40;0;6;2.8999999999999999;2.8700000000000001
344;1274815056000;53.008254999999998;4.7180625000000003;-1;19.300000000000001;4.9000000000000004;6.7000000000000002;-0.10000000000000001;-0.089999999999999997;-0.14000000000000001;15;0101000020E61000009EEFA7C64BDF1240A583F57F0E814A40;0;5;3.2999999999999998;3.0499999999999998
344;1274815970000;53.008264599999997;4.7180448000000004;0;18.899999999999999;4.7999999999999998;6.9000000000000004;0;0.17999999999999999;0.089999999999999997;17;0101000020E61000005F40D42247DF1240755B7DD00E814A40;0;5;3.2999999999999998;3.1099999999999999
344;1274816884000;53.008281799999999;4.7180394999999997;0;18.800000000000001;4.7000000000000002;6.2999999999999998;-0.29999999999999999;-0.16;-0.10000000000000001;18.800000000000001;0101000020E6100000DCF126BF45DF12407513C6600F814A40;0;5;3;3.1299999999999999
344;1274817796000;53.008280900000003;4.7180336;-1;19.199999999999999;4.7000000000000002;5.4000000000000004;-0.16;0.12;0.13;18.899999999999999;0101000020E610000072B7353344DF12403A5739590F814A40;0;5;2.6000000000000001;3.1000000000000001
344;1274818740000;53.0082296;4.7181271000000002;2;19.300000000000001;2.3999999999999999;3.2999999999999998;0;-0.11;-0.17999999999999999;50.600000000000001;0101000020E61000003C7CE3B55CDF1240F96DE3AA0D814A40;0;10;1.3999999999999999;1.9399999999999999
344;1274819656000;53.008269200000001;4.7181771000000001;1;20.100000000000001;7.5;7.7000000000000002;0.56999999999999995;-0.01;-0.070000000000000007;22.800000000000001;0101000020E6100000CAF154D169DF124034C813F70E814A40;0;4;4.2999999999999998;4.0199999999999996
344;1274820557000;53.008279799999997;4.7181480000000002;-1;21.199999999999999;6.9000000000000004;6;-0.53000000000000003;0.47999999999999998;-0.040000000000000001;11.9;0101000020E610000051C0763062DF1240D41BFF4F0F814A40;0;5;3.5;3.8900000000000001
344;1274821461000;53.008270600000003;4.7181525999999998;0;20.5;7.0999999999999996;6.5;0.059999999999999998;-0.10000000000000001;-0.20000000000000001;19.699999999999999;0101000020E610000044262A6563DF12405842D2020F814A40;0;5;3.8999999999999999;3.8199999999999998
344;1274822381000;53.008236099999998;4.7181515000000003;-1;21.399999999999999;6.9000000000000004;8.1999999999999993;-0.77000000000000002;-0.20000000000000001;-1.0700000000000001;11.800000000000001;0101000020E61000001B4B581B63DF1240C3126AE10D814A40;0;5;4.2000000000000002;5.0800000000000001
344;1274823283000;53.008224800000001;4.7181512999999997;0;20.899999999999999;6.4000000000000004;10;0.19;0.10000000000000001;0.41999999999999998;17.600000000000001;0101000020E6100000CD51EC0D63DF124011829F820D814A40;0;5;4.7999999999999998;4.2000000000000002
344;1274824200000;53.008232900000003;4.7181455999999997;0;20.300000000000001;4.5;9.8000000000000007;-0.01;-0.01;-0.029999999999999999;22.5;0101000020E6100000B010678F61DF1240292092C60D814A40;0;5;6.2000000000000002;0.40000000000000002
344;1274825112000;53.008232;4.7181132000000003;-6;19.199999999999999;5;11.699999999999999;-0.040000000000000001;-0.02;-0.040000000000000001;22.5;0101000020E6100000BB4D131159DF1240ED6305BF0D814A40;0;5;7.4000000000000004;0.47999999999999998
344;1274826022000;53.0082296;4.7181142999999999;-8;18.300000000000001;5.7000000000000002;10.6;-0.070000000000000007;-0.040000000000000001;-0.070000000000000007;20.5;0101000020E6100000E428E55A59DF1240F96DE3AA0D814A40;0;5;7;0.44
344;1274826936000;53.008229900000003;4.7181198000000002;-5;18.199999999999999;7.2999999999999998;9.1999999999999993;-0.029999999999999999;-0.02;-0.01;22.5;0101000020E6100000B470FECB5ADF1240B8AC67AD0D814A40;0;5;6.7000000000000002;0.47999999999999998
344;1274827850000;53.008230099999999;4.7181160000000002;-4;17.899999999999999;11.1;9.4000000000000004;-0.059999999999999998;-0.059999999999999998;-0.02;24.399999999999999;0101000020E6100000F6EFFACC59DF1240E12B15AF0D814A40;0;5;8.5;0.53000000000000003
344;1274828767000;53.008212499999999;4.7181633999999999;-3;18.199999999999999;8.3000000000000007;6.5;0.040000000000000001;0.01;0.02;29.399999999999999;0101000020E610000096BCF03966DF12408E75711B0D814A40;0;7;3.7000000000000002;0.46000000000000002
344;1274829663000;53.008175999999999;4.7182370999999996;3;18.300000000000001;10.6;7.7000000000000002;-0.66000000000000003;-0.56999999999999995;-0.11;13.5;0101000020E61000007418DD8B79DF1240594E42E90B814A40;0;6;4.2999999999999998;3.79
344;1274830558000;53.008184499999999;4.7182211000000001;1;18.199999999999999;12.699999999999999;6.2999999999999998;0.19;0.26000000000000001;-0.01;12.4;0101000020E610000047301F5A75DF1240C4EA8F300C814A40;0;6;4.5999999999999996;4.1799999999999997
344;1274831464000;53.008357599999997;4.7182104000000002;37;18.100000000000001;11.300000000000001;20;-0.029999999999999999;-0.029999999999999999;-0.070000000000000007;22.300000000000001;0101000020E61000009C960E8C72DF12402656A1DC11814A40;0;5;9.3000000000000007;0.63
344;1274832376000;53.008277700000001;4.7183589000000001;41;18;9;17.899999999999999;-0.02;-0.02;-0.050000000000000003;22.199999999999999;0101000020E61000008229B97999DF12409F64613E0F814A40;0;5;7.7999999999999998;0.45000000000000001
344;1274833295000;53.008234000000002;4.7184115000000002;35;18.5;12.6;17.300000000000001;-0.040000000000000001;-0.050000000000000003;-0.050000000000000003;29.100000000000001;0101000020E6100000FE47A643A7DF12408E5BCCCF0D814A40;0;5;8.8000000000000007;0.48999999999999999
344;1274834208000;53.008215100000001;4.7184923000000003;39;18.399999999999999;13.800000000000001;18.699999999999999;-0.080000000000000002;-0.089999999999999997;-0.080000000000000002;30.100000000000001;0101000020E610000017B60B72BCDF1240ACEA40310D814A40;0;6;11;0.67000000000000004
344;1274835114000;53.008302800000003;4.7180271999999999;-8;18.5;9.9000000000000004;12.300000000000001;-0.040000000000000001;-0.040000000000000001;-0.029999999999999999;24.100000000000001;0101000020E6100000C68DB68542DF12408D3BEF1010814A40;0;6;7.2000000000000002;0.65000000000000002
344;1274836030000;53.008281099999998;4.7180340999999997;0;18.600000000000001;8;7.4000000000000004;-0.02;-0.02;-0.01;28.100000000000001;0101000020E6100000B3A6C35444DF124063D6E65A0F814A40;0;6;5.2999999999999998;0.37
344;1274836932000;53.008313899999997;4.7179688000000004;-7;18.699999999999999;11.5;9.3000000000000007;-0.14999999999999999;-0.059999999999999998;0.10000000000000001;18.100000000000001;0101000020E610000087318E3633DF1240154D0C6E10814A40;0;5;5;4.2000000000000002
344;1274837856000;53.008223200000003;4.7181375000000001;4;19;3;3.3999999999999999;1.03;1.22;0.20999999999999999;30;0101000020E6100000F31FD26F5FDF1240C48833750D814A40;0;6;2;3.3399999999999999
344;1274838755000;53.0082375;4.7181208999999997;2;18.899999999999999;3.2999999999999998;4.7999999999999998;0.20000000000000001;0.029999999999999999;0.23000000000000001;17.100000000000001;0101000020E6100000DD4BD0155BDF1240E78C28ED0D814A40;0;6;1.8;2.6200000000000001
344;1274839671000;53.008232900000003;4.7181356000000001;0;20;3.7000000000000002;5.9000000000000004;0.23000000000000001;0.029999999999999999;0.050000000000000003;20.899999999999999;0101000020E6100000945F50F05EDF1240292092C60D814A40;0;5;2.2999999999999998;2.96
344;1274840595000;52.998280100000002;4.7315915999999998;0;14.300000000000001;5.7999999999999998;10.1;0.01;0.01;-0.34999999999999998;32.799999999999997;0101000020E6100000FE1C305926ED1240B2DF6EA4C77F4A40;0;4;4.7000000000000002;3.6600000000000001
344;1274840905000;52.997970600000002;4.7359578999999998;4;15;9;10.4;4.8700000000000001;10.57;-2.8700000000000001;22.899999999999999;0101000020E61000006DEE9EF29EF112404CAF2880BD7F4A40;0;4;4.5999999999999996;5.2300000000000004
344;1274841199000;52.993851999999997;4.7554521999999997;20;13;24.899999999999999;27.300000000000001;-2.6000000000000001;6.25;1.6399999999999999;13;0101000020E6100000D7C3F242950513403788D68A367F4A40;0;4;4.5;6.1500000000000004
344;1274841790000;53.008184100000001;4.8213464999999998;224;12.199999999999999;8.3000000000000007;10.699999999999999;-3.1400000000000001;9.2300000000000004;1.27;12;0101000020E61000007BBC900E0F49134071EC342D0C814A40;0;4;4.2000000000000002;4.5999999999999996
344;1274842122000;53.007361799999998;4.8622465000000004;129;12.199999999999999;7.9000000000000004;7.7999999999999998;3.8700000000000001;5.9000000000000004;-1.96;55.399999999999999;0101000020E6100000A35C1ABFF0721340AE1E413BF1804A40;0;5;3.7000000000000002;5.1900000000000004
344;1274842706000;52.992917300000002;4.9256026000000004;31;14.9;8.6999999999999993;8.6999999999999993;-7.1799999999999997;4.5700000000000003;6.1299999999999999;15.9;0101000020E6100000CB5E002BD1B31340FA9001EA177F4A40;0;5;3.7000000000000002;5.6100000000000003
344;1274843345000;53.001743300000001;4.9517389999999999;109;16.199999999999999;7.5;8.5999999999999996;-1.05;7.8499999999999996;-1.02;46.5;0101000020E61000009C4F1DAB94CE13405A3EDC1F39804A40;0;4;4.4000000000000004;4.1600000000000001
344;1274843686000;53.0188518;4.9776293000000003;39;15.9;7.4000000000000004;11.1;-8.4499999999999993;3.8700000000000001;3.27;51.399999999999999;0101000020E61000000C72BCA717E91340413C5CBC69824A40;0;5;5.9000000000000004;3.6499999999999999
344;1274843994000;53.036800499999998;4.9992884999999996;16;15.9;10.699999999999999;18.100000000000001;-4.5099999999999998;5.2199999999999998;1.2;23.699999999999999;0101000020E610000059130B7C45FF1340FCFCF7E0B5844A40;0;4;8.8000000000000007;6.4199999999999999
344;1274844288000;53.045938399999997;5.0119471999999998;-14;14.800000000000001;8.5999999999999996;7.7999999999999998;0.48999999999999999;2.1000000000000001;-1.03;13.9;0101000020E6100000761D05E33B0C1440B6D03A4FE1854A40;0;5;3.8999999999999999;4.9699999999999998
344;1274844600000;53.043151700000003;5.0178684999999996;-28;13.9;10;9.9000000000000004;0.02;4.0300000000000002;-1.77;37.5;0101000020E6100000A983BC1E4C1214402722B2FE85854A40;0;4;10.699999999999999;4.5099999999999998
344;1274844897000;53.042351500000002;5.0225612000000002;-8;14.6;7.2000000000000002;7.5;-7.2999999999999998;-5.8099999999999996;6.7800000000000002;14.800000000000001;0101000020E610000052A280481A171440E1B721C66B854A40;0;5;3.5;5.5700000000000003
344;1274845211000;53.042562400000001;5.0175368000000002;-26;14.1;8.0999999999999996;14.9;-0.67000000000000004;7.8799999999999999;-0.16;24.600000000000001;0101000020E6100000EEE7B92AF511144007054AAF72854A40;0;4;6.9000000000000004;4.29
344;1274845508000;53.039174500000001;5.0348892999999997;-14;13.699999999999999;7.2999999999999998;7.2000000000000002;0.01;0.81999999999999995;-1.3700000000000001;17.800000000000001;0101000020E6100000DCEB4905BA231440282B86AB03854A40;0;5;3.2000000000000002;5.8899999999999997
344;1274845817000;53.039516399999997;5.0370806000000004;-9;15.9;16.5;22;-0.44;0.13;-0.94999999999999996;22.699999999999999;0101000020E6100000A543F174F8251440ECD396DF0E854A40;0;4;6.5;6.8099999999999996
344;1274846109000;53.037339000000003;5.0035940999999999;143;13.4;5.7999999999999998;8.6999999999999993;1.2;-12.789999999999999;0.54000000000000004;10.800000000000001;0101000020E61000008FD5F72BAE031440C4EE3B86C7844A40;0;5;3;4.0300000000000002
344;1274846410000;53.034413499999999;4.9678734000000002;155;15;8.1999999999999993;18.100000000000001;6.5199999999999996;-15.470000000000001;-6.5499999999999998;23.600000000000001;0101000020E61000005EAC5E341ADF13403C855CA967844A40;0;4;6.2000000000000002;2.1699999999999999
344;1274846704000;53.028227800000003;4.9159801999999999;207;13.6;8.1999999999999993;11.9;-3.71;-8.9800000000000004;4.2199999999999998;13.699999999999999;0101000020E61000005822ABB6F6A9134045EBF2F79C834A40;0;5;2.8999999999999999;0.5
344;1274846991000;53.024322499999997;4.8703168999999997;463;12.800000000000001;11.699999999999999;21.600000000000001;1;-19.510000000000002;-3.8399999999999999;12.699999999999999;0101000020E6100000D99F7A5A347B13404A07EBFF1C834A40;0;5;2.8999999999999999;3.54
344;1274847289000;53.010385499999998;4.7968975;154;12.4;5;9.5;4.6100000000000003;-14.99;-2.0699999999999998;22.600000000000001;0101000020E6100000800EF3E505301340226DE34F54814A40;0;4;5.7999999999999998;1.48
344;1274847612000;52.994445300000002;4.7404202;-3;13.699999999999999;3.5;4.7999999999999998;0.02;0.16;0.25;41.399999999999999;0101000020E6100000ED3081B630F612409994CCFB497F4A40;0;7;2;2.4100000000000001
344;1274848210000;52.994569599999998;4.7404872999999998;-3;17.5;4.5999999999999996;7;-0.37;-0.34000000000000002;-1.28;15.699999999999999;0101000020E6100000D269824D42F6124043CC800E4E7F4A40;0;7;2.1000000000000001;4.0300000000000002
344;1274848812000;52.994582800000003;4.7405375000000003;-4;19;6;8.0999999999999996;0.02;0.14999999999999999;0.080000000000000002;9.6999999999999993;0101000020E6100000AED85F764FF6124002953B7D4E7F4A40;0;5;3.6000000000000001;3.4700000000000002
344;1274849105000;52.996549600000002;4.7354976999999998;7;18.899999999999999;5.5;6.9000000000000004;-0.14000000000000001;-0.070000000000000007;-0.40999999999999998;14.6;0101000020E610000004221F4F26F11240C36BF2EF8E7F4A40;0;6;3.2999999999999998;3.1200000000000001
344;1274849682000;52.997244600000002;4.7324552000000004;-3;19.399999999999999;5;7.7000000000000002;-0.01;0.10000000000000001;0.029999999999999999;15.6;0101000020E6100000FC2367BC08EE12406A8E07B6A57F4A40;0;6;3;2.8199999999999998
344;1274849986000;52.997227100000003;4.7324605999999996;6;20.5;7.2000000000000002;7.5999999999999996;-0.20000000000000001;0.029999999999999999;-0.070000000000000007;15.6;0101000020E6100000246FCA260AEE1240AC973A23A57F4A40;0;4;3.7000000000000002;3.7200000000000002
344;1274850290000;53.005072800000001;4.7237722;1;19.5;5.2000000000000002;8.5999999999999996;-5.8600000000000003;-11.630000000000001;3.6000000000000001;15.6;0101000020E61000001104238A24E51240B10CBB39A6804A40;0;6;2.8999999999999999;3.2000000000000002
344;1274850594000;53.008207200000001;4.7181215999999999;3;20.100000000000001;4.5;6;0.20999999999999999;-0.20000000000000001;0.040000000000000001;15.6;0101000020E61000006C34CA445BDF1240BECBFBEE0C814A40;0;6;2.8999999999999999;2.8100000000000001
344;1274851667000;53.008206800000004;4.7181167000000004;7;24.399999999999999;5.2000000000000002;5.7999999999999998;0.22;-0.070000000000000007;0.47999999999999998;16.5;0101000020E610000085D8F4FB59DF12406BCDA0EB0C814A40;0;6;2.8999999999999999;2.9900000000000002
344;1274852593000;53.008220000000001;4.7181338000000004;11;29.699999999999999;6.2999999999999998;6.9000000000000004;-0.02;0;-0.040000000000000001;30.399999999999999;0101000020E6100000DC9B84775EDF124029965B5A0D814A40;0;5;3.6000000000000001;0.46000000000000002
344;1274853536000;53.008260100000001;4.7181777;16;26.199999999999999;7.9000000000000004;8.9000000000000004;0;0;0;29.300000000000001;0101000020E6100000B2DD98F969DF12404CAEBDAA0E814A40;0;4;6.4000000000000004;0.40999999999999998
344;1274854450000;53.008284199999999;4.7181623999999998;8;27.699999999999999;9.8000000000000007;10;0.01;0;0;31.199999999999999;0101000020E610000013DED4F665DF12406909E8740F814A40;0;4;7.5;0.57999999999999996
344;1274855382000;52.995896100000003;4.7334453999999999;7;23.899999999999999;7.2000000000000002;11.1;0.059999999999999998;-0.01;-0.17999999999999999;35.100000000000001;0101000020E6100000479B994F0CEF124063DBFD85797F4A40;0;5;3;3.73
344;1274855706000;52.996411199999997;4.7331181999999998;5;23.699999999999999;4.9000000000000004;6;-0.040000000000000001;0.01;-0.050000000000000003;23.199999999999999;0101000020E6100000D8689489B6EE12401EAFF6668A7F4A40;0;5;3.3999999999999999;0.51000000000000001
344;1274856003000;52.996402699999997;4.7331193999999996;0;23.800000000000001;6.2000000000000002;6.9000000000000004;0.02;-0.070000000000000007;0.12;16.399999999999999;0101000020E6100000A8401CDAB6EE1240B312A91F8A7F4A40;0;5;3.5;3.3599999999999999
344;1274856307000;52.996397199999997;4.7331174000000003;1;23.800000000000001;5.7999999999999998;7.5999999999999996;0.27000000000000002;0.17999999999999999;0.59999999999999998;16.300000000000001;0101000020E6100000A383E453B6EE1240B9E985F1897F4A40;0;5;3.6000000000000001;3.3300000000000001
344;1274856609000;53.000043099999999;4.7566528000000003;10;20.199999999999999;6.5999999999999996;9;3.4700000000000002;9.0099999999999998;-2.7799999999999998;14.300000000000001;0101000020E610000013B5D9FDCF061340948B8C6901804A40;0;5;3.7000000000000002;4.7400000000000002
344;1274856906000;52.997441199999997;4.7751713000000002;0;18.699999999999999;2.8999999999999999;5;-0.089999999999999997;-0.040000000000000001;-0.28000000000000003;23.199999999999999;0101000020E6100000F4305981C61913406CD73A27AC7F4A40;0;6;2.1000000000000001;0.82999999999999996
344;1274857201000;53.004591499999997;4.7923520000000002;11;18.300000000000001;3.7000000000000002;5.7000000000000002;-2.5499999999999998;7.5199999999999996;1.52;14.199999999999999;0101000020E610000047AE9B525E2B1340772B4B7496804A40;0;5;2.2999999999999998;2.8799999999999999
344;1274857489000;52.997201199999999;4.8253551000000003;-9;18;5.2999999999999998;7.9000000000000004;2.1099999999999999;8.8200000000000003;-3.77;14.300000000000001;0101000020E6100000E55828E3294D134017C4F649A47F4A40;0;6;2.8999999999999999;3.5899999999999999
344;1274857777000;52.9926964;4.8603499000000001;5;17.899999999999999;4;6.7999999999999998;-0.96999999999999997;9.0500000000000007;1.4099999999999999;14.199999999999999;0101000020E6100000AD776E90FF701340B06DF6AC107F4A40;0;6;2.6000000000000001;3.6800000000000002
344;1274858060000;52.991413700000003;4.8912947999999998;23;17.699999999999999;4.9000000000000004;11.800000000000001;-1.3200000000000001;8.2200000000000006;-0.32000000000000001;9.3000000000000007;0101000020E610000023618495AF9013403727E5A4E67E4A40;0;5;4.2999999999999998;4.8099999999999996
344;1274858349000;52.994980599999998;4.9085466999999996;171;17.899999999999999;5;8.4000000000000004;0.54000000000000004;1.3200000000000001;3.2999999999999998;10.300000000000001;0101000020E61000000D8EED105AA21340C59338865B7F4A40;0;5;3.3999999999999999;4.4000000000000004
344;1274858643000;52.990772100000001;4.9282294999999996;181;18.899999999999999;7;15.1;1.6299999999999999;9.1300000000000008;-2.9700000000000002;16.199999999999999;0101000020E6100000CFBA46CB81B6134006A5C39ED17E4A40;0;6;3.2999999999999998;3.6099999999999999
344;1274858950000;52.993327700000002;4.9523378999999998;48;18.699999999999999;4.7000000000000002;7.9000000000000004;-8.3399999999999999;3.1400000000000001;4.4500000000000002;19;0101000020E61000001CF79CAA31CF1340FFDAB05C257F4A40;0;6;2.7999999999999998;4.5
344;1274859248000;53.011234700000003;4.9738660000000001;67;17.800000000000001;4.9000000000000004;9.6999999999999993;-2.7000000000000002;7.5999999999999996;5.7400000000000002;13.199999999999999;0101000020E6100000CFBEF2203DE513404A8A7E2370814A40;0;6;3;3.98
344;1274859544000;53.024805499999999;5.0014029000000004;73;17.699999999999999;4.7999999999999998;8.1999999999999993;-5.4800000000000004;4.1100000000000003;2.9399999999999999;18.800000000000001;0101000020E61000006E7A06C36F01144066A19DD32C834A40;0;5;3.1000000000000001;2.4399999999999999
344;1274859845000;53.037087499999998;5.0277623;14;17.600000000000001;5.7999999999999998;8.9000000000000004;-7.5599999999999996;2.7599999999999998;3.0299999999999998;18;0101000020E6100000393F6AB86D1C144092CB7F48BF844A40;0;6;3.2000000000000002;3.46
344;1274860141000;53.037740599999999;5.0528437999999998;-7;17.800000000000001;3.7000000000000002;8.5999999999999996;0;7.8600000000000003;-2;10.199999999999999;0101000020E61000007A2F63AF1C3614409F5D19AFD4844A40;0;5;3.2999999999999998;4.04
344;1274860433000;53.0361051;5.0540143999999998;-15;14.9;4.2999999999999998;8.3000000000000007;-2.02;4.4100000000000001;2.0299999999999998;14.199999999999999;0101000020E6100000600D068D4F37144002DC87179F844A40;0;6;3.1000000000000001;3.6600000000000001
344;1274860723000;53.037939199999997;5.0502788000000001;-19;17.100000000000001;5.2000000000000002;7.7999999999999998;-3.27;2.0699999999999998;1.8999999999999999;16.100000000000001;0101000020E61000007FBA26497C331440429E1331DB844A40;0;6;2.8999999999999999;3.8300000000000001
344;1274861031000;53.038097;5.0443917999999996;-11;18.800000000000001;7.7000000000000002;7.4000000000000004;-0.31;-0.90000000000000002;0.25;19.899999999999999;0101000020E6100000A0D7440B752D1440B189CC5CE0844A40;0;5;5.2000000000000002;0.45000000000000001
344;1274861324000;53.040978299999999;5.0386575000000002;-16;19.199999999999999;4.2000000000000002;7;0.10000000000000001;-1.3899999999999999;-0.34000000000000002;9.0999999999999996;0101000020E610000001FBE8D4952714403F2CE5C63E854A40;0;5;2.7999999999999998;3.0899999999999999
344;1274861612000;53.0422297;5.0342533999999999;-17;20.600000000000001;5.2000000000000002;7.0999999999999996;-0.69999999999999996;-1.3200000000000001;0.17999999999999999;9.0999999999999996;0101000020E6100000731BC35213231440BF3566C867854A40;0;5;3.2999999999999998;3.04
344;1274861905000;53.054365799999999;5.0509588000000001;-22;16.5;5.2999999999999998;7.2000000000000002;-6.5899999999999999;5.5199999999999996;4.5;14;0101000020E61000000CC62D8B2E341440AC826275F5864A40;0;5;3.1000000000000001;3.9199999999999999
344;1274862193000;53.066608899999999;5.0685311000000004;-16;16.800000000000001;4.2000000000000002;4.9000000000000004;0.33000000000000002;-0.94999999999999996;-0.33000000000000002;14.1;0101000020E61000001F0945042D461440AF8FF3A386884A40;0;6;2.2000000000000002;0.66000000000000003
344;1274862481000;53.072476799999997;5.0859699000000003;-15;16.199999999999999;3.8999999999999999;4.9000000000000004;-1.48;4.3399999999999999;-0.75;14.1;0101000020E6100000F6C2537E08581440FFDB76EB46894A40;0;6;2.2000000000000002;3.46
344;1274862771000;53.071557900000002;5.0855942000000001;-23;18.600000000000001;7.5999999999999996;11.199999999999999;-3.25;5.4699999999999998;0.60999999999999999;16.100000000000001;0101000020E6100000BDE88601A65714409E222CCF28894A40;0;5;5;4.5499999999999998
344;1274863070000;53.079499900000002;5.1072344000000003;-3;15;4.2000000000000002;4.7999999999999998;-0.60999999999999999;2.4100000000000001;-0.10000000000000001;11;0101000020E61000005506C4DACE6D144084447F0D2D8A4A40;0;6;1.8;2.9300000000000002
344;1274863360000;53.084858500000003;5.1229696000000002;-18;15.300000000000001;4.4000000000000004;4.5;-2.98;6.3200000000000003;1.72;13;0101000020E6100000DB9B29BEEB7D1440D124B1A4DC8A4A40;0;7;1.6000000000000001;3.3500000000000001
344;1274863651000;53.086130500000003;5.1305306000000002;-9;14;5.5;5.2999999999999998;-0.83999999999999997;6.75;-0.51000000000000001;16;0101000020E6100000508248D0A985144015580053068B4A40;0;6;1.7;3.2400000000000002
344;1274863951000;53.0879713;5.1568684999999999;6;13.4;6.7999999999999998;6.5999999999999996;8.5199999999999996;5.1900000000000004;-5.2400000000000002;12;0101000020E61000001E17D522A2A01440493EC0A4428B4A40;0;5;2.6000000000000001;4.4500000000000002
344;1274864256000;53.0744519;5.1691092000000003;-14;15.199999999999999;4.7999999999999998;4.2000000000000002;-0.40999999999999998;0.23000000000000001;-0.22;28.699999999999999;0101000020E610000097CF4DF62AAD144002D0CDA387894A40;0;5;2.7000000000000002;6.5199999999999996
344;1274864547000;53.0745383;5.16913;-16;17.199999999999999;5;4.5;0.02;-0.01;0.12;16;0101000020E610000005172B6A30AD1440546694788A894A40;0;6;2.2999999999999998;2.8799999999999999
344;1274864850000;53.0745912;5.1691289999999999;-17;17.300000000000001;5.5;4.5;0.050000000000000003;0.050000000000000003;-0.050000000000000003;15;0101000020E610000082380F2730AD1440E24856348C894A40;0;5;2.7000000000000002;3.1499999999999999
344;1274865155000;53.074579200000002;5.1691511999999999;-16;16.800000000000001;5.9000000000000004;4.4000000000000004;0.28000000000000003;0.26000000000000001;-0.02;15.9;0101000020E61000000E51E0F835AD14401E7BACCF8B894A40;0;5;2.7000000000000002;3.2400000000000002
344;1274865457000;53.074637899999999;5.169251;-22;17.899999999999999;6.5999999999999996;5.2000000000000002;-0.089999999999999997;0.02;-0.01;13.9;0101000020E6100000DD42572250AD144064C515BC8D894A40;0;5;2.7999999999999998;1.3300000000000001
344;1274865745000;53.074663299999997;5.1692526000000001;-19;17.199999999999999;6.5;4.2999999999999998;0.10000000000000001;0.10000000000000001;0.089999999999999997;13.9;0101000020E6100000480DB78D50AD144010DB27918E894A40;0;5;2.8999999999999999;3.27
344;1274866053000;53.074662400000001;5.1692542000000001;-17;17.899999999999999;15.5;16.699999999999999;-0.10000000000000001;0.040000000000000001;-0.059999999999999998;33.600000000000001;0101000020E6100000B3D716F950AD1440D51E9B898E894A40;0;4;11.6;4
344;1274866353000;53.0746672;5.1692375999999998;-17;18;6.7000000000000002;4.2999999999999998;-0.01;-0.01;-0.01;13.9;0101000020E61000009D03159F4CAD1440BD0ADFB18E894A40;0;5;3;0.47999999999999998
344;1274866652000;53.074689300000003;5.1692530000000003;-19;18.600000000000001;11.199999999999999;13.1;-0.84999999999999998;0.070000000000000007;-0.63;24.699999999999999;0101000020E6100000E3FF8EA850AD14403A6E426B8F894A40;0;4;7.5999999999999996;3.1800000000000002
344;1274866957000;53.074632200000003;5.1692527000000004;-6;19.300000000000001;7.4000000000000004;7.0999999999999996;-0.01;0.01;-0.01;25.699999999999999;0101000020E6100000EF096D9450AD1440411D458C8D894A40;0;5;5;0.40999999999999998
344;1274867260000;53.074529499999997;5.1690313999999997;7;19;15.300000000000001;10.4;-0.040000000000000001;0.040000000000000001;-0.02;24.699999999999999;0101000020E610000006FD3B9116AD14402A8BC22E8A894A40;0;4;9.0999999999999996;0.60999999999999999
344;1274867586000;53.074664400000003;5.1693144999999996;2;20;4.7000000000000002;3.1000000000000001;-0.25;0.11;-0.33000000000000002;46.5;0101000020E610000051F4C0C760AD14407616629A8E894A40;0;7;2.1000000000000001;2.3100000000000001
344;1274867885000;53.0746416;5.1693309999999997;-10;20.100000000000001;6.0999999999999996;5.2000000000000002;-0.089999999999999997;0.20999999999999999;0.070000000000000007;9.8000000000000007;0101000020E6100000C0CB0C1B65AD1440E7751FDB8D894A40;0;6;2.7999999999999998;3.0899999999999999
344;1274868173000;53.074744500000001;5.1694345000000004;-5;20.100000000000001;12.6;6.5999999999999996;-0.13;0.14000000000000001;-0.10000000000000001;9.8000000000000007;0101000020E6100000A741D13C80AD144027874F3A91894A40;0;5;4.9000000000000004;4.8200000000000003
344;1274868461000;53.074695599999998;5.1693544999999999;-1;19.5;5.4000000000000004;6.7999999999999998;-0.059999999999999998;0.12;0.37;9.6999999999999993;0101000020E6100000C3B81B446BAD1440DA931BA08F894A40;0;6;3;3
344;1274868754000;53.075524799999997;5.159961;39;19.199999999999999;4.2000000000000002;6.2000000000000002;8.2599999999999998;2.02;-6.7699999999999996;14.800000000000001;0101000020E6100000B58AFED0CCA31440BA04F1CBAA894A40;0;6;2.7999999999999998;3.5800000000000001
344;1274869054000;53.079371199999997;5.1175512000000003;120;17.5;6.9000000000000004;10.6;-6.29;-7.3399999999999999;-1.3799999999999999;10.699999999999999;0101000020E6100000176C7E575F781440441FE2D5288A4A40;0;7;2.5;3.3199999999999998
344;1274869341000;53.086835800000003;5.1056222;64;16.300000000000001;8.0999999999999996;11.9;-0.59999999999999998;3.5800000000000001;3.9399999999999999;9.8000000000000007;0101000020E610000021EDDA39286C14409E8F7C6F1D8B4A40;0;6;2.8999999999999999;3.1499999999999999
344;1274869634000;53.086714100000002;5.0905984999999996;202;16.899999999999999;5.7999999999999998;10.300000000000001;-3;-12.33;2.3900000000000001;14.699999999999999;0101000020E610000041446ADAC55C144011CD9772198B4A40;0;7;2.2000000000000002;3.0299999999999998
344;1274869935000;53.061978000000003;5.0691100999999996;188;15.199999999999999;9.9000000000000004;16.100000000000001;10.93;5.8899999999999997;-12.210000000000001;11.800000000000001;0101000020E61000000C4B4DCCC4461440278925E5EE874A40;0;7;2.2999999999999998;2.9900000000000002
344;1274870220000;53.055158900000002;5.0761710000000004;-5;15.5;4;6.4000000000000004;0;0.17999999999999999;1.1399999999999999;8.8000000000000007;0101000020E61000004E9D47C5FF4D1440ABCA63720F874A40;0;6;3.1000000000000001;3.8799999999999999
344;1274870509000;53.052587299999999;5.0785247;-5;16.399999999999999;3.7000000000000002;6.4000000000000004;-0.28999999999999998;0.16;-0.12;9.5999999999999996;0101000020E61000007DB669C768501440ACD73E2EBB864A40;0;7;2.6000000000000001;2.6400000000000001
344;1274870803000;53.051532100000003;5.0807836999999996;-4;17.100000000000001;4.4000000000000004;7;-0.77000000000000002;-2.3599999999999999;2.5800000000000001;15.699999999999999;0101000020E6100000123356F6B8521440DC18969A98864A40;0;8;1.8999999999999999;2.9199999999999999
344;1274871109000;53.0509232;5.0662506;19;16;5.0999999999999996;13.4;-1.5600000000000001;-8.3599999999999994;2.3500000000000001;17.699999999999999;0101000020E61000008C5C8132D7431440C84DC3A684864A40;0;6;3.3999999999999999;4.6200000000000001
344;1274871406000;53.051203999999998;5.0596117999999999;-13;15.1;4;6.7999999999999998;-3.6699999999999999;-1.99;2.04;10.6;0101000020E6100000A1D22DE00A3D144052B648DA8D864A40;0;7;2.2999999999999998;2.8700000000000001
344;1274871701000;53.068659199999999;5.0694067;-4;15.4;4.7000000000000002;7.7000000000000002;-0.17999999999999999;5.4699999999999998;-0.26000000000000001;17.699999999999999;0101000020E61000003E7ECA8C12471440E6481DD3C9884A40;0;6;3.1000000000000001;3.8700000000000001
344;1274872005000;53.073663099999997;5.0853644999999998;-4;16.100000000000001;3.7000000000000002;5.0999999999999996;-1.1599999999999999;2.6400000000000001;1.8999999999999999;17.600000000000001;0101000020E610000023F59ECA6957144003B6DECA6D894A40;0;6;2.8999999999999999;2.3300000000000001
344;1274872301000;53.072649599999998;5.0828360999999997;-7;16.199999999999999;6;6.2999999999999998;6.7400000000000002;5.5700000000000003;-6.2300000000000004;9.6999999999999993;0101000020E610000076B691FCD2541440A30804954C894A40;0;6;1.7;3.27
344;1274872589000;53.071501400000002;5.0775465999999998;-7;14.800000000000001;4.9000000000000004;5.4000000000000004;0.17000000000000001;2.1299999999999999;0.40000000000000002;9.5999999999999996;0101000020E6100000FAA93B60684F1440224F37F526894A40;0;6;1.8999999999999999;3.0099999999999998
344;1274872889000;53.066225099999997;5.0797435000000002;-14;16.5;5.2000000000000002;5.5;-0.82999999999999996;0.47999999999999998;-0.27000000000000002;21.5;0101000020E61000003946B247A8511440505667107A884A40;0;6;2.3999999999999999;5.1299999999999999
344;1274873187000;53.066242600000002;5.0802807999999997;-6;19.199999999999999;13.699999999999999;5.9000000000000004;0.13;-0.41999999999999998;-0.059999999999999998;15.6;0101000020E6100000A3FC4921355214400F4D34A37A884A40;0;5;5;4.2800000000000002
344;1274873490000;53.064196299999999;5.0728729000000001;25;20.100000000000001;7.2999999999999998;10;5.8499999999999996;-14.18;-4.7300000000000004;14.6;0101000020E6100000080F89319F4A14401983989537884A40;0;5;4.2999999999999998;4.4500000000000002
344;1274873779000;53.049460400000001;5.0384468;132;16.399999999999999;14.9;7.0999999999999996;1.8100000000000001;-17.390000000000001;-1.1399999999999999;15.6;0101000020E61000001D8B12995E2714403A39E8B754864A40;0;5;4.5999999999999996;4.1200000000000001
344;1274874081000;53.036885099999999;5.0108646999999999;368;15.800000000000001;4.7999999999999998;6.2000000000000002;6.2199999999999998;4.3099999999999996;-6.4800000000000004;13.6;0101000020E610000031B9AC1D200B1440D71AA5A6B8844A40;0;6;1.8999999999999999;3.7000000000000002
344;1274874373000;53.026299700000003;4.9541402999999997;331;14.300000000000001;5.4000000000000004;7;8.0199999999999996;-12.119999999999999;-3.6400000000000001;17.399999999999999;0101000020E6100000B92EA1270AD1134083B2DFC95D834A40;0;6;1.8;1.3500000000000001
344;1274874673000;53.005459899999998;4.8981684999999997;252;14.699999999999999;4.2999999999999998;6;9.5800000000000001;-14.17;-7.5099999999999998;13.5;0101000020E61000008330B77BB99713403FF8F5E8B2804A40;0;5;2.2999999999999998;0.63
344;1274874961000;52.993274399999997;4.8490947000000002;169;14.5;7.4000000000000004;9;2.25;-15.220000000000001;-1.04;13.5;0101000020E6100000E6D3BE14796513401DFA939D237F4A40;0;6;1.7;2.5499999999999998
344;1274876682000;52.9957615;4.7375948000000001;-7;17.600000000000001;2.2999999999999998;2.5;0;0;0;54.100000000000001;0101000020E610000074CC1E0D4CF31240D68EE21C757F4A40;0;10;1.3999999999999999;0.20000000000000001
344;1274876977000;52.995843700000002;4.7376535000000004;-2;20.800000000000001;8.5999999999999996;8.3000000000000007;-0.080000000000000002;0.14999999999999999;-0.22;13.4;0101000020E6100000A81E69705BF31240BDB66DCE777F4A40;0;7;4;1.3400000000000001
344;1274877272000;53.000287200000002;4.7279698000000003;9;18.899999999999999;4.7000000000000002;4.2999999999999998;-2.23;-14.130000000000001;4.7000000000000002;20.300000000000001;0101000020E610000014E74DEA70E91240C04D356909804A40;0;7;3;3.7400000000000002
344;1274877569000;53.008263200000002;4.7181449000000004;-1;19.199999999999999;5.9000000000000004;6.2000000000000002;-0.01;-0.040000000000000001;-0.10000000000000001;13.300000000000001;0101000020E610000022286D6061DF124052E1BEC40E814A40;0;8;2.6000000000000001;0.81999999999999995
344;1274878494000;53.0082436;4.7181420999999997;-3;26.300000000000001;5.0999999999999996;7;-0.27000000000000002;-0.31;-0.57999999999999996;10.300000000000001;0101000020E6100000E68585A460DF12405E3354200E814A40;0;7;3.1000000000000001;3.6000000000000001
344;1274879398000;53.008193300000002;4.7181524000000001;1;27.300000000000001;7.2999999999999998;13;-0.20999999999999999;0.14999999999999999;0.39000000000000001;18.199999999999999;0101000020E6100000F72CBE5763DF1240EEC5617A0C814A40;0;6;3.2000000000000002;4.71
344;1274880319000;53.008213699999999;4.7181932;5;26.600000000000001;5.4000000000000004;10.5;0.01;0;0.01;27.100000000000001;0101000020E61000009ED6C8096EDF1240887082250D814A40;0;7;2.3999999999999999;1.01
344;1274881227000;53.008229;4.7181052000000001;-8;27.300000000000001;4;5.5999999999999996;-0.059999999999999998;-0.059999999999999998;0.029999999999999999;23.199999999999999;0101000020E6100000A45934F856DF12407CF0DAA50D814A40;0;6;2.5;3.0299999999999998
344;1274882139000;53.008241200000001;4.7180966;-9;26.600000000000001;3.2999999999999998;4.5999999999999996;-0.02;-0.02;-0.02;23.100000000000001;0101000020E6100000A57911B754DF12406A3D320C0E814A40;0;6;2.2999999999999998;0.33000000000000002
344;1274883040000;53.0082126;4.7182320000000004;0;24.899999999999999;10.5;9.9000000000000004;-0.37;-0.37;-0.19;12.1;0101000020E610000040C39B3578DF12402335481C0D814A40;0;6;2.2999999999999998;3.6099999999999999
344;1274883961000;53.008195899999997;4.7183112999999999;0;25.899999999999999;18.800000000000001;9.3000000000000007;0.02;0.029999999999999999;0.01;36.799999999999997;0101000020E6100000946357FF8CDF12400B3B31900C814A40;0;5;11.4;0.59999999999999998
344;1274884896000;53.008232599999999;4.7180852;0;25.5;3.2000000000000002;3.6000000000000001;-0.059999999999999998;0.17000000000000001;0.47999999999999998;43.899999999999999;0101000020E61000006BF706BA51DF12406AE10DC40D814A40;0;8;1.5;2.3999999999999999
344;1274885807000;53.008205099999998;4.7180872999999997;1;25.899999999999999;4.5;4.2999999999999998;0.10000000000000001;-0.070000000000000007;-0.28999999999999998;27;0101000020E610000017B1F44652DF124088145EDD0C814A40;0;6;2.2999999999999998;3.1200000000000001
344;1274886785000;53.008225799999998;4.7180789000000001;-1;25.899999999999999;4;4.5999999999999996;0.53000000000000003;-0.22;0;26.5;0101000020E610000066CA3D1350DF1240E1FD028B0D814A40;0;7;2.7999999999999998;2.9700000000000002
344;1274887702000;53.008242299999999;4.7180996000000004;2;24.399999999999999;4.5999999999999996;5.5;0.080000000000000002;-0.10000000000000001;0.10000000000000001;33.799999999999997;0101000020E61000002E15658055DF1240CF786C150E814A40;0;6;1.8;2.7400000000000002
344;1274888625000;53.008240000000001;4.7181192999999997;6;24.600000000000001;6.4000000000000004;6.7000000000000002;0.02;-0.01;0;28.699999999999999;0101000020E6100000728170AA5ADF1240704221020E814A40;0;5;3.3999999999999999;0.5
344;1274889537000;53.008272599999998;4.7181429000000001;3;24.899999999999999;7.9000000000000004;9.0999999999999996;0.56000000000000005;0.33000000000000002;0.41999999999999998;28.800000000000001;0101000020E61000001C6B35DA60DF1240F83999130F814A40;0;5;3.2000000000000002;4
344;1274890433000;53.008280200000002;4.7181547000000004;1;22.600000000000001;5.0999999999999996;5;-0.040000000000000001;0.070000000000000007;-0.45000000000000001;12.9;0101000020E6100000F1DF17F263DF1240281A5A530F814A40;0;5;2.3999999999999999;3.6800000000000002
344;1274891352000;53.008254299999997;4.7181721999999997;0;19.600000000000001;4.2999999999999998;5.2000000000000002;-0.040000000000000001;0.12;0.16;35.600000000000001;0101000020E6100000E2957F8868DF12409346167A0E814A40;0;6;2.3999999999999999;2.6699999999999999
344;1274892255000;53.0082533;4.7181503999999999;-1;22;7.5;6.7999999999999998;-0.050000000000000003;-0.040000000000000001;0.029999999999999999;10.699999999999999;0101000020E6100000F16F86D162DF1240C3CAB2710E814A40;0;5;3.3999999999999999;3.3100000000000001
344;1274893161000;53.008237800000003;4.7180321000000003;0;22.300000000000001;5.9000000000000004;5.0999999999999996;0;0.23999999999999999;-0.11;20.600000000000001;0101000020E6100000AEE98BCE43DF1240A6CBACEF0D814A40;0;4;3;3.4100000000000001
344;1274894080000;53.0082418;4.7181046000000002;0;23.100000000000001;3.8999999999999999;4.7999999999999998;0.41999999999999998;0.22;0.44;27.600000000000001;0101000020E6100000BC6DF0CF56DF1240E7BA3A110E814A40;0;6;3;3.3799999999999999
344;1274894983000;53.008252900000002;4.7180816999999999;-11;22.5;5.5;10;0;0.10000000000000001;-0.01;18.600000000000001;0101000020E6100000A16C25CF50DF124070CC576E0E814A40;0;5;4.7000000000000002;3.6899999999999999
344;1274895898000;53.008225699999997;4.7180764999999996;-12;22.100000000000001;4.7000000000000002;8.0999999999999996;-0.040000000000000001;-0.029999999999999999;-0.10000000000000001;21.5;0101000020E6100000C51A2E724FDF12404C3E2C8A0D814A40;0;5;5.4000000000000004;0.35999999999999999
344;1274896800000;53.008227900000001;4.7180657000000004;-10;21.5;6.7000000000000002;10.4;0.059999999999999998;-0.029999999999999999;-0.23999999999999999;11.5;0101000020E61000007484679D4CDF124017B5A09C0D814A40;0;5;5;3.9100000000000001
344;1274897704000;53.0083202;4.7181018999999997;-6;20.800000000000001;8.3000000000000007;10.1;-1.0900000000000001;-0.20999999999999999;0.72999999999999998;19.5;0101000020E610000027C8BE1A56DF1240B672E5A210814A40;0;5;4.2000000000000002;4.9699999999999998
344;1274898630000;53.008301600000003;4.7180999999999997;-5;18;4.2000000000000002;5.0999999999999996;-1.05;-0.26000000000000001;-0.51000000000000001;33.399999999999999;0101000020E6100000C8073D9B55DF12409340DE0610814A40;0;6;2.2999999999999998;3.1400000000000001
344;1274899566000;53.008245500000001;4.7181043000000003;0;19;4.5;5.5;0.14999999999999999;0.080000000000000002;0.14999999999999999;41.200000000000003;0101000020E6100000C877CEBB56DF12406A6B44300E814A40;0;7;2.7999999999999998;2.7200000000000002
344;1274900496000;53.008245600000002;4.7181376000000004;3;19.5;3.3999999999999999;4.0999999999999996;0.38;0.28000000000000003;0.56999999999999995;43.100000000000001;0101000020E61000009A1C88765FDF1240FF2A1B310E814A40;0;7;1.8;2.5600000000000001
344;1274901392000;53.008230900000001;4.7181005999999996;8;21.5;4.0999999999999996;8.8000000000000007;-0.16;0.02;-0.14000000000000001;11.4;0101000020E6100000B0F380C355DF12408828CBB50D814A40;0;5;3.5;3.79
344;1274902288000;53.008233199999999;4.7181062000000002;8;22.5;3.7999999999999998;8.6999999999999993;0.23999999999999999;0.01;0.080000000000000002;11.4;0101000020E61000002738503B57DF1240E75E16C90D814A40;0;5;3.7000000000000002;3.29
344;1274903194000;53.008227699999999;4.7180993999999998;7;23;3.7999999999999998;7.5999999999999996;0;-0.029999999999999999;0.20999999999999999;21.300000000000001;0101000020E6100000E01BF97255DF1240ED35F39A0D814A40;0;5;3.3999999999999999;2.8700000000000001
344;1274904107000;53.008241200000001;4.7181382999999997;5;23.199999999999999;5;6.9000000000000004;0.050000000000000003;0.27000000000000002;0.17999999999999999;22.199999999999999;0101000020E6100000280582A55FDF12406A3D320C0E814A40;0;4;3.2999999999999998;3.21
344;1274905021000;53.008237100000002;4.7181308;3;23.100000000000001;5.7000000000000002;6.7999999999999998;0.089999999999999997;0.14999999999999999;0.12;24.100000000000001;0101000020E6100000530031AE5DDF1240948ECDE90D814A40;0;4;3.2999999999999998;3.3599999999999999
344;1274905950000;53.008236400000001;4.7181500999999999;3;23;5.5999999999999996;7.7999999999999998;0.12;0.11;0.12;41;0101000020E6100000FD7964BD62DF12408251EEE30D814A40;0;5;3.7999999999999998;3.23
344;1274906848000;53.008246200000002;4.7181601000000004;3;22.699999999999999;6.9000000000000004;9.1999999999999993;-0.27000000000000002;-0.029999999999999999;0.089999999999999997;11.199999999999999;0101000020E61000001A2B7B5C65DF12407CA823360E814A40;0;5;4.5999999999999996;3.6400000000000001
344;1274907755000;53.008240399999998;4.7181335000000004;2;22.899999999999999;5.9000000000000004;7.2999999999999998;-0.029999999999999999;-0.02;-0.02;22;0101000020E6100000E8A562635EDF1240C3407C050E814A40;0;5;5.2999999999999998;0.34999999999999998
344;1274908676000;53.008243299999997;4.7181373000000004;1;22.899999999999999;6.5999999999999996;7.2999999999999998;0;0;0;30.899999999999999;0101000020E6100000A62666625FDF12409FF4CF1D0E814A40;0;5;5.4000000000000004;0.40999999999999998
344;1274909594000;53.008256000000003;4.7181017000000001;-1;23.699999999999999;7.0999999999999996;7;0.01;0.01;0.01;21;0101000020E6100000DACE520D56DF124076FF58880E814A40;0;5;5.0999999999999996;0.39000000000000001
344;1274910510000;53.008266999999996;4.7180552999999996;-11;23.399999999999999;12.5;23.5;0;0;0;24.899999999999999;0101000020E6100000BCE078E349DF124069519FE40E814A40;0;4;13.699999999999999;0.53000000000000003
